Deltat;T;DeltaT;pinj;pdet
0;49.2;-1.845;253.28055;230.18734
0.05;49.2;-1.599;253.28055;230.18734
0.04;49.2;-1.845;253.28055;230.18734
0.05;49.077;-1.722;253.27161;230.20582
0.04;49.077;-1.845;253.27161;230.20582
0.05;48.954;-1.722;253.26267;230.2243
0.04;48.954;-1.599;253.26267;230.2243
0.05;49.077;-1.722;253.27161;230.20582
0.05;49.077;-1.722;253.27161;230.20582
0.04;49.077;-1.722;253.27161;230.20582
0.05;49.2;-1.599;253.28055;230.18734
0.04;49.323;-1.722;253.28948;230.16887
0.05;49.323;-1.968;253.28948;230.16887
0.04;49.323;-1.968;253.28948;230.16887
0.05;49.2;-1.845;253.28055;230.18734
0.05;49.2;-1.599;253.28055;230.18734
0.04;49.323;-1.722;253.28948;230.16887
0.05;49.569;-2.214;253.30732;230.13196
0.05;49.323;-1.968;253.28948;230.16887
0.04;49.2;-1.599;253.28055;230.18734
0.04;49.2;-1.845;253.28055;230.18734
0.05;49.2;-1.845;253.28055;230.18734
0.05;49.2;-1.845;253.28055;230.18734
0.04;49.2;-1.968;253.28055;230.18734
0.05;49.2;-2.091;253.28055;230.18734
0.05;49.077;-1.722;253.27161;230.20582
0.04;49.323;-2.091;253.28948;230.16887
0.05;49.2;-2.214;253.28055;230.18734
0.04;49.2;-2.091;253.28055;230.18734
0.05;49.077;-1.968;253.27161;230.20582
0.04;49.077;-1.845;253.27161;230.20582
0.05;49.077;-1.845;253.27161;230.20582
0.05;49.077;-1.968;253.27161;230.20582
0.04;49.2;-1.845;253.28055;230.18734
0.05;49.2;-1.968;253.28055;230.18734
0.04;49.2;-2.091;253.28055;230.18734
0.05;49.2;-2.091;253.28055;230.18734
0.05;48.954;-1.845;253.26267;230.2243
0.04;49.077;-2.091;253.27161;230.20582
0.05;49.2;-2.091;253.28055;230.18734
0.04;49.2;-1.968;253.28055;230.18734
0.05;49.323;-1.968;253.28948;230.16887
0.04;49.2;-1.968;253.28055;230.18734
0.05;49.323;-2.214;253.28948;230.16887
0.05;49.2;-1.968;253.28055;230.18734
0.04;49.2;-2.091;253.28055;230.18734
0.05;49.077;-1.968;253.27161;230.20582
0.04;49.077;-1.968;253.27161;230.20582
0.05;49.077;-1.968;253.27161;230.20582
0.04;49.2;-2.091;253.28055;230.18734
0.05;48.954;-1.722;253.26267;230.2243
0.05;49.077;-1.845;253.27161;230.20582
0.04;49.077;-1.845;253.27161;230.20582
0.05;49.2;-2.091;253.28055;230.18734
0.05;49.077;-1.968;253.27161;230.20582
0.04;49.077;-1.968;253.27161;230.20582
0.05;49.2;-2.091;253.28055;230.18734
0.04;49.077;-1.968;253.27161;230.20582
0.05;49.077;-2.091;253.27161;230.20582
0.04;49.077;-1.968;253.27161;230.20582
0.05;49.2;-1.968;253.28055;230.18734
0.05;49.323;-1.968;253.28948;230.16887
0.04;49.323;-1.968;253.28948;230.16887
0.05;49.569;-2.214;253.30732;230.13196
0.04;49.569;-2.214;253.30732;230.13196
0.05;49.692;-2.46;253.31624;230.11352
0.05;49.569;-2.214;253.30732;230.13196
0.04;49.323;-1.968;253.28948;230.16887
0.05;49.569;-2.337;253.30732;230.13196
0.04;49.569;-2.46;253.30732;230.13196
0.05;49.569;-2.46;253.30732;230.13196
0.04;49.692;-2.583;253.31624;230.11352
0.05;49.569;-2.46;253.30732;230.13196
0.05;49.323;-2.337;253.28948;230.16887
0.04;49.077;-2.091;253.27161;230.20582
0.05;49.077;-1.968;253.27161;230.20582
0.05;49.077;-2.091;253.27161;230.20582
0.04;49.077;-2.214;253.27161;230.20582
0.04;49.2;-2.337;253.28055;230.18734
0.05;49.2;-2.46;253.28055;230.18734
0.05;49.2;-2.337;253.28055;230.18734
0.04;49.2;-2.46;253.28055;230.18734
0.05;49.077;-2.214;253.27161;230.20582
0.04;49.077;-2.214;253.27161;230.20582
0.05;49.077;-2.214;253.27161;230.20582
0.05;48.954;-2.091;253.26267;230.2243
0.04;48.954;-2.091;253.26267;230.2243
0.05;48.831;-1.845;253.25372;230.24279
0.04;49.2;-2.214;253.28055;230.18734
0.05;49.2;-1.968;253.28055;230.18734
0.05;49.2;-1.968;253.28055;230.18734
0.04;49.323;-2.091;253.28948;230.16887
0.05;49.2;-2.091;253.28055;230.18734
0.04;49.323;-2.214;253.28948;230.16887
0.05;49.569;-2.46;253.30732;230.13196
0.05;49.323;-2.337;253.28948;230.16887
0.04;49.569;-2.337;253.30732;230.13196
0.04;49.569;-2.214;253.30732;230.13196
0.05;49.692;-2.46;253.31624;230.11352
0.05;49.323;-2.091;253.28948;230.16887
0.04;49.2;-2.091;253.28055;230.18734
0.05;49.323;-2.337;253.28948;230.16887
0.05;49.323;-2.337;253.28948;230.16887
0.04;49.569;-2.46;253.30732;230.13196
0.05;49.323;-2.214;253.28948;230.16887
0.04;49.323;-2.214;253.28948;230.16887
0.05;49.323;-2.337;253.28948;230.16887
0.04;49.569;-2.583;253.30732;230.13196
0.05;49.323;-2.214;253.28948;230.16887
0.05;49.2;-2.214;253.28055;230.18734
0.04;49.2;-2.091;253.28055;230.18734
0.05;49.2;-2.214;253.28055;230.18734
0.04;49.077;-2.091;253.27161;230.20582
0.05;48.954;-1.968;253.26267;230.2243
0.05;49.077;-2.091;253.27161;230.20582
0.04;48.954;-2.091;253.26267;230.2243
0.05;49.2;-2.214;253.28055;230.18734
0.04;49.077;-2.091;253.27161;230.20582
0.05;48.954;-1.968;253.26267;230.2243
0.04;48.954;-1.845;253.26267;230.2243
0.05;48.831;-1.722;253.25372;230.24279
0.05;48.954;-1.845;253.26267;230.2243
0.04;49.077;-1.968;253.27161;230.20582
0.05;49.2;-2.091;253.28055;230.18734
0.05;49.077;-1.968;253.27161;230.20582
0.04;49.077;-1.968;253.27161;230.20582
0.04;49.077;-1.968;253.27161;230.20582
0.05;49.2;-1.968;253.28055;230.18734
0.05;49.077;-1.845;253.27161;230.20582
0.04;49.569;-2.46;253.30732;230.13196
0.05;49.323;-2.091;253.28948;230.16887
0.05;49.323;-2.214;253.28948;230.16887
0.04;49.569;-2.46;253.30732;230.13196
0.05;49.323;-2.214;253.28948;230.16887
0.04;49.077;-1.845;253.27161;230.20582
0.05;49.2;-2.091;253.28055;230.18734
0.04;49.2;-2.091;253.28055;230.18734
0.05;49.077;-1.968;253.27161;230.20582
0.05;49.077;-2.091;253.27161;230.20582
0.04;49.077;-2.091;253.27161;230.20582
0.05;49.077;-1.968;253.27161;230.20582
0.04;49.077;-1.968;253.27161;230.20582
0.05;49.2;-2.091;253.28055;230.18734
0.05;49.2;-2.214;253.28055;230.18734
0.04;49.077;-2.091;253.27161;230.20582
0.05;49.077;-2.091;253.27161;230.20582
0.05;49.2;-2.214;253.28055;230.18734
0.04;49.2;-1.968;253.28055;230.18734
0.05;49.2;-2.091;253.28055;230.18734
0.04;49.077;-2.091;253.27161;230.20582
0.05;49.077;-2.214;253.27161;230.20582
0.04;49.2;-2.214;253.28055;230.18734
0.05;49.077;-1.968;253.27161;230.20582
0.05;49.2;-2.091;253.28055;230.18734
0.04;49.077;-2.091;253.27161;230.20582
0.05;48.954;-1.845;253.26267;230.2243
0.04;48.954;-1.845;253.26267;230.2243
0.05;49.2;-1.968;253.28055;230.18734
0.05;49.569;-2.214;253.30732;230.13196
0.04;49.323;-1.722;253.28948;230.16887
0.05;49.323;-1.722;253.28948;230.16887
0.05;49.2;-1.599;253.28055;230.18734
0.04;49.2;-1.599;253.28055;230.18734
0.05;49.2;-1.599;253.28055;230.18734
0.04;49.2;-1.845;253.28055;230.18734
0.05;49.323;-2.091;253.28948;230.16887
0.04;49.323;-2.091;253.28948;230.16887
0.05;49.323;-2.214;253.28948;230.16887
0.05;49.323;-2.091;253.28948;230.16887
0.04;49.323;-2.214;253.28948;230.16887
0.05;49.2;-1.968;253.28055;230.18734
0.04;49.077;-1.845;253.27161;230.20582
0.05;49.2;-2.091;253.28055;230.18734
0.05;49.077;-1.845;253.27161;230.20582
0.04;48.954;-1.845;253.26267;230.2243
0.05;49.2;-2.091;253.28055;230.18734
0.05;49.077;-1.845;253.27161;230.20582
0.04;49.077;-1.968;253.27161;230.20582
0.05;49.077;-1.845;253.27161;230.20582
0.04;49.2;-2.091;253.28055;230.18734
0.05;49.2;-2.091;253.28055;230.18734
0.05;49.323;-2.091;253.28948;230.16887
0.04;49.323;-2.091;253.28948;230.16887
0.05;49.323;-2.337;253.28948;230.16887
0.04;49.323;-2.337;253.28948;230.16887
0.05;49.2;-2.214;253.28055;230.18734
0.04;49.323;-2.214;253.28948;230.16887
0.05;49.077;-2.091;253.27161;230.20582
0.05;49.077;-2.214;253.27161;230.20582
0.04;49.077;-2.091;253.27161;230.20582
0.05;49.323;-2.337;253.28948;230.16887
0.05;49.2;-2.214;253.28055;230.18734
0.04;49.2;-2.214;253.28055;230.18734
0.05;49.077;-2.214;253.27161;230.20582
0.04;49.077;-2.214;253.27161;230.20582
0.05;49.2;-2.214;253.28055;230.18734
0.05;49.323;-2.337;253.28948;230.16887
0.04;49.323;-2.337;253.28948;230.16887
0.05;49.2;-2.091;253.28055;230.18734
0.04;49.2;-2.214;253.28055;230.18734
0.05;49.2;-2.214;253.28055;230.18734
0.04;49.2;-2.214;253.28055;230.18734
0.05;49.2;-2.337;253.28055;230.18734
0.05;49.077;-2.091;253.27161;230.20582
0.04;48.954;-2.091;253.26267;230.2243
0.05;49.077;-2.091;253.27161;230.20582
0.05;49.323;-2.214;253.28948;230.16887
0.04;49.323;-2.337;253.28948;230.16887
0.05;49.323;-2.337;253.28948;230.16887
0.04;49.077;-1.968;253.27161;230.20582
0.05;49.2;-2.214;253.28055;230.18734
0.05;49.2;-2.091;253.28055;230.18734
0.04;49.077;-1.968;253.27161;230.20582
0.05;49.2;-2.091;253.28055;230.18734
0.05;49.077;-1.968;253.27161;230.20582
0.04;49.2;-2.214;253.28055;230.18734
0.04;49.2;-2.214;253.28055;230.18734
0.05;49.077;-1.968;253.27161;230.20582
0.05;49.2;-2.091;253.28055;230.18734
0.04;49.077;-1.968;253.27161;230.20582
0.05;49.077;-1.968;253.27161;230.20582
0.05;49.323;-2.091;253.28948;230.16887
0.04;49.323;-1.722;253.28948;230.16887
0.05;49.692;-1.968;253.31624;230.11352
0.04;50.061;-2.337;253.34296;230.05825
0.05;50.184;-2.214;253.35186;230.03984
0.05;50.307;-2.091;253.36075;230.02144
0.04;50.553;-1.968;253.37853;229.98467
0.05;50.676;-1.968;253.38741;229.9663
0.05;51.045;-2.214;253.41402;229.91123
0.04;51.291;-2.214;253.43173;229.87457
0.05;51.291;-1.845;253.43173;229.87457
0.04;51.414;-1.722;253.44058;229.85625
0.05;51.66;-1.845;253.45827;229.81963
0.05;51.906;-1.599;253.47594;229.78305
0.04;52.275;-1.722;253.50241;229.72824
0.05;52.521;-1.845;253.52003;229.69174
0.05;52.767;-1.722;253.53764;229.65528
0.04;52.89;-1.722;253.54643;229.63706
0.05;53.136;-1.722;253.56401;229.60065
0.04;53.259;-1.599;253.57279;229.58246
0.05;53.628;-1.599;253.5991;229.52794
0.05;53.751;-1.353;253.60787;229.50978
0.04;54.12;-1.353;253.63413;229.45535
0.05;54.366;-1.23;253.65161;229.41911
0.05;54.489;-1.23;253.66034;229.40101
0.04;54.612;-0.984;253.66907;229.38291
0.05;54.981;-1.107;253.69524;229.32866
0.04;55.35;-0.861;253.72136;229.2745
0.05;55.596;-0.861;253.73875;229.23843
0.05;55.965;-0.861;253.7648;229.18439
0.04;56.334;-1.23;253.79081;229.13042
0.05;56.334;-0.738;253.79081;229.13042
0.05;56.58;-0.615;253.80812;229.09449
0.04;56.826;-0.492;253.82542;229.05859
0.05;57.072;-0.369;253.8427;229.02272
0.04;57.318;-0.369;253.85996;228.98689
0.05;57.441;-0.246;253.86859;228.96899
0.05;57.933;-0.246;253.90304;228.89746
0.04;58.302;-0.246;253.92882;228.8439
0.05;58.425;0.123;253.93741;228.82606
0.05;58.671;-0.123;253.95457;228.79042
0.04;58.917;0;253.97171;228.7548
0.05;59.286;0;253.99739;228.70145
0.04;59.409;0.123;254.00594;228.68368
0.05;59.532;0.246;254.01449;228.66592
0.05;59.901;0.369;254.0401;228.61269
0.04;60.147;0.615;254.05715;228.57724
0.05;60.516;0.492;254.08269;228.52414
0.05;60.762;0.615;254.0997;228.48878
0.04;61.008;0.615;254.11668;228.45345
0.04;61.377;0.615;254.14213;228.40052
0.05;61.746;0.615;254.16753;228.34767
0.05;62.115;0.492;254.1929;228.29489
0.04;62.238;0.861;254.20134;228.27731
0.05;62.484;0.738;254.21822;228.24218
0.05;62.853;0.615;254.24351;228.18956
0.04;63.222;0.615;254.26875;228.137
0.05;63.345;0.738;254.27715;228.1195
0.04;63.591;0.861;254.29395;228.08452
0.05;63.714;1.107;254.30234;228.06705
0.05;63.837;1.353;254.31073;228.04958
0.04;64.206;1.476;254.33586;227.99723
0.05;64.329;1.722;254.34423;227.97979
0.05;64.821;1.353;254.37766;227.91013
0.04;64.944;1.722;254.38601;227.89274
0.05;65.067;1.968;254.39435;227.87536
0.04;65.436;2.091;254.41935;227.82325
0.05;65.805;1.845;254.44431;227.77122
0.05;66.051;1.845;254.46092;227.73657
0.04;66.543;1.722;254.4941;227.66738
0.05;66.666;2.091;254.50239;227.6501
0.04;67.035;1.845;254.52721;227.59832
0.05;67.281;2.091;254.54374;227.56383
0.04;67.281;2.337;254.54374;227.56383
0.05;67.527;2.46;254.56025;227.52938
0.05;67.65;2.706;254.5685;227.51217
0.04;68.019;2.583;254.59322;227.46059
0.05;68.388;2.583;254.61789;227.40907
0.05;68.511;2.829;254.62611;227.39192
0.04;68.634;3.075;254.63432;227.37477
0.05;68.88;3.321;254.65073;227.3405
0.04;69.249;3.321;254.67532;227.28916
0.05;69.372;3.444;254.6835;227.27206
0.05;69.864;3.321;254.7162;227.20376
0.04;70.11;3.444;254.73253;227.16965
0.05;70.356;3.444;254.74883;227.13558
0.05;70.602;3.69;254.76512;227.10154
0.04;70.971;3.444;254.78952;227.05054
0.05;71.34;3.69;254.81388;226.99961
0.04;71.463;3.936;254.82199;226.98265
0.05;71.586;4.059;254.83009;226.9657
0.05;71.709;4.305;254.8382;226.94876
0.04;72.201;4.182;254.87056;226.88107
0.05;72.324;4.305;254.87864;226.86417
0.04;72.447;4.428;254.88672;226.84727
0.05;72.693;4.92;254.90285;226.81351
0.04;72.939;4.674;254.91898;226.77978
0.05;73.185;4.92;254.93508;226.74608
0.05;73.431;4.92;254.95116;226.71241
0.04;73.8;4.92;254.97526;226.66197
0.05;74.292;5.043;255.00733;226.59483
0.05;74.415;5.166;255.01533;226.57807
0.04;74.538;5.289;255.02333;226.56131
0.05;74.784;5.412;255.03932;226.52782
0.04;75.03;5.658;255.0553;226.49436
0.05;75.276;5.781;255.07125;226.46094
0.05;75.522;6.027;255.08719;226.42754
0.04;75.891;6.027;255.11106;226.37752
0.05;76.383;5.904;255.14283;226.31092
0.05;76.629;5.904;255.15869;226.27767
0.04;76.752;5.904;255.16661;226.26106
0.05;76.998;6.027;255.18245;226.22786
0.04;77.121;6.027;255.19036;226.21127
0.05;77.367;6.396;255.20616;226.17812
0.04;77.613;6.396;255.22195;226.145
0.05;77.859;6.642;255.23773;226.11191
0.05;78.105;6.642;255.25348;226.07885
0.04;78.474;6.519;255.27708;226.02932
0.05;78.72;6.642;255.2928;225.99635
0.04;78.843;6.765;255.30065;225.97987
0.05;79.089;6.888;255.31633;225.94694
0.05;79.335;6.888;255.332;225.91404
0.04;79.458;7.134;255.33983;225.8976
0.05;79.704;7.503;255.35548;225.86475
0.05;80.073;7.38;255.37891;225.81553
0.04;80.319;7.626;255.39451;225.78276
0.05;80.688;7.626;255.41788;225.73367
0.04;80.811;7.872;255.42566;225.71732
0.05;81.057;8.118;255.44121;225.68464
0.05;81.426;8.118;255.4645;225.63568
0.04;81.672;8.364;255.48001;225.60308
0.05;81.918;8.61;255.4955;225.57052
0.05;82.164;8.733;255.51097;225.53798
0.04;82.41;8.733;255.52643;225.50548
0.04;82.656;8.979;255.54187;225.47301
0.05;83.025;8.979;255.565;225.42436
0.05;83.271;8.979;255.58039;225.39197
0.04;83.64;8.979;255.60346;225.34343
0.05;83.763;9.102;255.61113;225.32727
0.05;83.886;9.102;255.61881;225.31112
0.04;84.009;9.348;255.62648;225.29497
0.05;84.255;9.348;255.64181;225.26271
0.04;84.501;9.348;255.65712;225.23047
0.05;84.87;9.471;255.68006;225.18217
0.05;85.116;9.717;255.69533;225.15001
0.04;85.362;9.84;255.71058;225.11789
0.05;85.608;9.963;255.72582;225.08579
0.05;85.854;9.963;255.74104;225.05373
0.04;86.1;10.086;255.75624;225.02169
0.05;86.346;10.209;255.77142;224.98969
0.04;86.592;10.578;255.78659;224.95772
0.05;86.838;10.455;255.80175;224.92578
0.05;87.084;10.701;255.81688;224.89387
0.04;87.33;10.824;255.832;224.86199
0.05;87.576;10.947;255.8471;224.83014
0.04;87.822;10.947;255.86219;224.79832
0.05;88.191;11.07;255.88479;224.75066
0.04;88.56;11.07;255.90734;224.70306
0.05;88.806;11.193;255.92236;224.67136
0.05;88.929;11.316;255.92987;224.65553
0.04;89.052;11.316;255.93737;224.6397
0.05;89.175;11.685;255.94486;224.62388
0.05;89.298;11.685;255.95235;224.60807
0.04;89.544;12.054;255.96732;224.57647
0.05;89.913;12.177;255.98974;224.52913
0.04;90.282;12.054;256.01213;224.48185
0.05;90.651;12.3;256.03447;224.43465
0.05;91.02;12.3;256.05679;224.38751
0.04;91.143;12.669;256.06421;224.37181
0.05;91.389;12.669;256.07906;224.34044
0.05;91.635;12.915;256.09389;224.3091
0.04;91.881;13.038;256.1087;224.27779
0.05;92.25;12.915;256.13089;224.23089
0.04;92.496;12.915;256.14566;224.19965
0.05;92.742;13.038;256.16041;224.16845
0.05;92.742;13.284;256.16041;224.16845
0.04;93.111;12.792;256.18251;224.12171
0.05;93.234;12.915;256.18987;224.10614
0.05;93.234;13.407;256.18987;224.10614
0.04;93.48;13.407;256.20457;224.07503
0.05;93.849;13.284;256.2266;224.02842
0.04;94.218;13.407;256.24859;223.98188
0.05;94.464;13.53;256.26323;223.95089
0.05;94.833;13.653;256.28516;223.90446
0.04;94.956;13.776;256.29246;223.889
0.05;95.079;14.145;256.29976;223.87355
0.05;95.448;14.268;256.32163;223.82723
0.04;95.817;14.268;256.34346;223.78099
0.05;96.063;14.391;256.35799;223.75019
0.04;96.309;14.637;256.37251;223.71943
0.05;96.555;14.637;256.38701;223.6887
0.05;96.801;14.76;256.4015;223.658
0.04;97.047;14.76;256.41597;223.62732
0.05;97.416;14.76;256.43764;223.58137
0.05;97.785;14.637;256.45928;223.53549
0.04;97.908;14.883;256.46648;223.52021
0.05;98.277;14.76;256.48807;223.47441
0.04;98.4;14.883;256.49526;223.45916
0.05;98.4;15.129;256.49526;223.45916
0.05;98.523;15.375;256.50244;223.44392
0.04;98.769;15.375;256.5168;223.41346
0.05;99.138;15.375;256.5383;223.36782
0.05;99.507;15.375;256.55977;223.32225
0.04;99.753;15.498;256.57406;223.29191
0.05;99.876;15.744;256.5812;223.27675
0.04;100.245;15.867;256.6026;223.23131
0.05;100.491;15.99;256.61684;223.20106
0.05;100.614;16.113;256.62396;223.18594
0.04;100.86;16.113;256.63818;223.15573
0.05;101.106;16.236;256.65238;223.12555
0.05;101.475;16.359;256.67366;223.08034
0.04;101.721;16.482;256.68782;223.05024
0.05;101.967;16.605;256.70197;223.02016
0.04;102.09;16.851;256.70904;223.00513
0.05;102.582;16.974;256.73727;222.9451
0.05;102.951;16.974;256.7584;222.90015
0.04;103.197;16.974;256.77247;222.87023
0.05;103.443;16.974;256.78652;222.84033
0.05;103.566;17.22;256.79354;222.82539
0.04;103.689;17.343;256.80056;222.81046
0.05;103.935;17.343;256.81458;222.78062
0.04;104.058;17.589;256.82159;222.76571
0.05;104.427;17.589;256.84258;222.72103
0.05;104.55;17.835;256.84957;222.70615
0.04;104.796;17.958;256.86353;222.67642
0.05;104.919;18.081;256.87051;222.66156
0.05;105.165;18.081;256.88445;222.63187
0.04;105.534;18.204;256.90534;222.58738
0.05;105.903;18.204;256.92619;222.54297
0.04;106.149;18.327;256.94007;222.51339
0.05;106.395;18.45;256.95393;222.48385
0.05;106.641;18.45;256.96778;222.45433
0.04;106.887;18.573;256.98161;222.42484
0.05;107.01;18.942;256.98852;222.41011
0.05;107.256;19.188;257.00233;222.38066
0.04;107.502;19.188;257.01612;222.35125
0.05;107.871;19.188;257.03679;222.30718
0.04;108.117;19.188;257.05054;222.27784
0.05;108.486;19.188;257.07114;222.23388
0.05;108.609;19.434;257.078;222.21924
0.04;108.855;19.434;257.09171;222.18999
0.05;109.224;19.434;257.11224;222.14616
0.05;109.47;19.68;257.12591;222.11698
0.04;109.593;19.926;257.13274;222.1024
0.05;109.839;19.926;257.14639;222.07326
0.04;110.085;20.049;257.16002;222.04415
0.05;110.331;20.049;257.17364;222.01507
0.05;110.577;20.172;257.18724;221.98601
0.04;110.7;20.295;257.19403;221.9715
0.05;110.946;20.295;257.20761;221.94249
0.05;111.192;20.295;257.22117;221.91351
0.04;111.315;20.541;257.22794;221.89903
0.05;111.807;20.295;257.255;221.84118
0.04;112.053;20.418;257.26851;221.8123
0.05;112.422;20.664;257.28874;221.76904
0.05;112.791;20.541;257.30894;221.72583
0.05;113.16;20.664;257.32911;221.6827
0.04;113.283;20.787;257.33582;221.66833
0.05;113.406;21.033;257.34253;221.65397
0.05;113.775;20.91;257.36264;221.61094
0.04;113.898;21.033;257.36933;221.59661
0.05;114.021;21.279;257.37602;221.58229
0.04;114.267;21.279;257.38939;221.55367
0.05;114.39;21.648;257.39607;221.53937
0.05;114.636;21.648;257.40942;221.51079
0.04;115.005;21.648;257.42941;221.46797
0.05;115.374;21.648;257.44937;221.42522
0.05;115.62;21.894;257.46266;221.39675
0.04;115.866;22.017;257.47593;221.36831
0.05;116.112;22.14;257.48918;221.3399
0.04;116.235;22.263;257.49581;221.32571
0.05;116.481;22.386;257.50904;221.29734
0.05;116.727;22.632;257.52226;221.269
0.04;117.096;22.509;257.54206;221.22654
0.05;117.219;22.632;257.54865;221.2124
0.05;117.465;22.632;257.56182;221.18415
0.04;117.711;22.755;257.57498;221.15592
0.05;117.957;23.001;257.58813;221.12772
0.05;118.203;22.878;257.60125;221.09955
0.04;118.449;23.001;257.61437;221.07141
0.05;118.572;23.247;257.62092;221.05735
0.05;118.941;23.247;257.64055;221.01521
0.04;119.31;23.37;257.66015;220.97313
0.05;119.556;23.247;257.67319;220.94512
0.05;119.802;23.37;257.68622;220.91713
0.04;120.048;23.493;257.69924;220.88917
0.05;120.294;23.739;257.71224;220.86124
0.04;120.54;23.739;257.72523;220.83333
0.05;120.909;23.616;257.74468;220.79153
0.05;121.155;23.739;257.75763;220.76369
0.04;121.401;23.739;257.77056;220.73588
0.05;121.524;23.985;257.77702;220.72199
0.05;121.77;23.985;257.78994;220.69423
0.04;122.139;23.985;257.80928;220.65263
0.05;122.262;24.108;257.81572;220.63878
0.04;122.508;24.108;257.82859;220.6111
0.05;122.631;24.231;257.83501;220.59727
0.05;122.877;24.354;257.84786;220.56962
0.04;123.123;24.477;257.86069;220.54201
0.05;123.369;24.6;257.87351;220.51443
0.05;123.738;24.477;257.8927;220.4731
0.05;123.984;24.477;257.90548;220.44558
0.04;124.353;24.6;257.92463;220.40436
0.05;124.599;24.723;257.93737;220.37691
0.05;124.845;24.6;257.9501;220.34949
0.04;124.968;24.846;257.95646;220.33579
0.05;125.091;24.969;257.96281;220.3221
0.04;125.337;25.092;257.97551;220.29473
0.05;125.706;25.092;257.99453;220.25374
0.05;126.075;24.969;258.01352;220.2128
0.05;126.198;25.215;258.01984;220.19917
0.04;126.321;25.338;258.02616;220.18555
0.05;126.567;25.461;258.03879;220.15832
0.05;126.813;25.584;258.0514;220.13112
0.04;127.182;25.584;258.07029;220.09037
0.05;127.551;25.584;258.08915;220.04968
0.04;127.797;25.953;258.1017;220.02258
0.05;128.043;25.953;258.11424;219.99552
0.05;128.412;25.953;258.13302;219.95497
0.05;128.658;25.953;258.14553;219.92798
0.04;128.904;26.076;258.15802;219.90101
0.05;128.904;26.199;258.15802;219.90101
0.05;129.15;26.322;258.17049;219.87406
0.04;129.396;26.445;258.18295;219.84715
0.05;129.642;26.568;258.1954;219.82026
0.04;129.765;26.814;258.20161;219.80682
0.05;130.134;26.814;258.22024;219.76656
0.05;130.38;26.937;258.23265;219.73975
0.05;130.749;26.814;258.25122;219.69959
0.04;131.118;26.937;258.26977;219.65949
0.05;131.487;26.814;258.28828;219.61945
0.05;131.61;27.06;258.29445;219.60612
0.04;131.733;27.06;258.30061;219.59279
0.05;131.856;27.06;258.30676;219.57947
0.04;132.102;27.06;258.31907;219.55285
0.05;132.348;27.06;258.33136;219.52626
0.05;132.594;27.183;258.34363;219.49969
0.05;132.963;27.183;258.36202;219.45989
0.04;133.086;27.429;258.36814;219.44664
0.05;133.332;27.429;258.38037;219.42015
0.05;133.824;27.306;258.40479;219.36726
0.04;134.07;27.429;258.41698;219.34086
0.05;134.07;27.675;258.41698;219.34086
0.04;134.316;27.921;258.42916;219.31448
0.05;134.685;27.798;258.44739;219.27496
0.05;134.931;27.921;258.45953;219.24864
0.05;135.177;27.921;258.47166;219.22236
0.04;135.423;28.044;258.48377;219.1961
0.05;135.669;27.921;258.49587;219.16986
0.05;135.915;28.167;258.50795;219.14366
0.04;136.284;28.044;258.52605;219.10439
0.05;136.53;28.044;258.5381;219.07825
0.04;136.776;28.167;258.55014;219.05214
0.05;137.022;28.167;258.56216;219.02605
0.05;137.145;28.29;258.56816;219.01302
0.05;137.391;28.29;258.58016;218.98697
0.04;137.637;28.413;258.59215;218.96094
0.05;137.883;28.413;258.60412;218.93495
0.05;138.129;28.413;258.61608;218.90898
0.04;138.375;28.536;258.62803;218.88303
0.05;138.621;28.536;258.63996;218.85712
0.04;138.99;28.413;258.65783;218.81829
0.05;139.236;28.536;258.66972;218.79243
0.05;139.482;28.536;258.68161;218.76661
0.05;139.605;28.659;258.68754;218.75371
0.04;139.851;28.536;258.6994;218.72792
0.05;139.974;28.782;258.70533;218.71503
0.05;140.343;28.782;258.72309;218.67642
0.04;140.589;28.782;258.73491;218.65071
0.05;140.958;28.659;258.75261;218.6122
0.04;141.204;28.782;258.7644;218.58655
0.05;141.573;28.536;258.78205;218.54814
0.05;141.819;28.536;258.7938;218.52256
0.05;142.065;28.659;258.80554;218.497
0.04;142.188;28.782;258.8114;218.48424
0.05;142.434;28.782;258.82312;218.45872
0.05;142.803;28.782;258.84067;218.4205
0.04;142.926;29.028;258.84652;218.40777
0.05;143.295;28.782;258.86403;218.36962
0.05;143.295;29.151;258.86403;218.36962
0.04;143.541;29.151;258.87568;218.34422
0.05;143.787;29.151;258.88733;218.31885
0.05;144.033;29.151;258.89896;218.2935
0.04;144.156;29.397;258.90477;218.28084
0.05;144.525;29.397;258.92217;218.24289
0.05;144.771;29.397;258.93376;218.21762
0.04;145.017;29.766;258.94534;218.19237
0.05;145.509;29.643;258.96845;218.14196
0.05;145.632;29.766;258.97422;218.12937
0.04;145.878;29.889;258.98574;218.10421
0.05;146.124;29.889;258.99726;218.07908
0.05;146.37;29.766;259.00876;218.05398
0.04;146.493;29.766;259.01451;218.04144
0.05;146.739;29.889;259.02599;218.01637
0.05;146.985;30.012;259.03745;217.99133
0.04;147.477;30.012;259.06035;217.94132
0.05;147.6;30.012;259.06606;217.92884
0.04;147.846;30.135;259.07749;217.90389
0.05;148.215;30.135;259.09459;217.86651
0.05;148.338;30.258;259.10029;217.85406
0.05;148.584;30.258;259.11167;217.82918
0.04;148.953;30.381;259.12871;217.79191
0.05;149.322;30.258;259.14573;217.7547
0.05;149.568;30.135;259.15706;217.72993
0.04;149.691;30.258;259.16272;217.71755
0.05;149.814;30.381;259.16837;217.70518
0.05;150.06;30.504;259.17967;217.68045
0.04;150.306;30.504;259.19096;217.65575
0.05;150.429;30.627;259.1966;217.64341
0.04;150.675;30.75;259.20787;217.61875
0.05;150.921;30.75;259.21913;217.59411
0.05;151.29;30.873;259.23598;217.5572
0.05;151.536;30.996;259.24721;217.53263
0.04;151.659;31.119;259.25281;217.52035
0.05;152.151;30.996;259.2752;217.4713
0.05;152.397;30.996;259.28638;217.44681
0.04;152.52;31.242;259.29196;217.43458
0.05;152.889;31.119;259.30869;217.39791
0.04;153.135;31.119;259.31983;217.3735
0.05;153.381;31.242;259.33096;217.34911
0.05;153.627;31.119;259.34207;217.32474
0.04;153.873;31.119;259.35316;217.30041
0.05;154.119;31.119;259.36425;217.27609
0.05;154.119;31.365;259.36425;217.27609
0.05;154.365;31.365;259.37532;217.2518
0.04;154.611;31.488;259.38638;217.22754
0.05;154.857;31.488;259.39743;217.2033
0.04;155.226;31.611;259.41397;217.16698
0.05;155.595;31.488;259.43049;217.13072
0.05;155.841;31.488;259.44148;217.10658
0.04;156.087;31.611;259.45246;217.08247
0.05;156.333;31.857;259.46343;217.05837
0.05;156.702;31.734;259.47986;217.02228
0.04;156.948;31.611;259.4908;216.99825
0.05;157.194;31.611;259.50172;216.97424
0.05;157.44;31.611;259.51263;216.95026
0.04;157.563;31.611;259.51808;216.93828
0.05;157.809;31.611;259.52898;216.91433
0.05;157.932;31.857;259.53442;216.90237
0.04;158.178;31.734;259.54529;216.87846
0.05;158.424;31.857;259.55615;216.85457
0.05;158.67;31.98;259.567;216.83071
0.04;158.916;31.98;259.57783;216.80688
0.05;159.162;32.103;259.58865;216.78306
0.04;159.654;31.98;259.61026;216.73551
0.05;159.777;32.103;259.61565;216.72364
0.05;160.023;32.226;259.62643;216.69991
0.05;160.269;32.103;259.63719;216.67621
0.04;160.515;32.103;259.64794;216.65253
0.05;160.761;32.103;259.65868;216.62888
0.05;161.007;32.226;259.66941;216.60524
0.04;161.13;32.349;259.67477;216.59344
0.05;161.499;32.349;259.69083;216.55806
0.04;161.745;32.472;259.70152;216.5345
0.05;162.114;32.349;259.71752;216.4992
0.05;162.36;32.472;259.72818;216.4757
0.04;162.483;32.718;259.73351;216.46396
0.05;162.729;32.718;259.74415;216.4405
0.05;162.975;32.841;259.75477;216.41706
0.05;163.098;33.087;259.76008;216.40535
0.04;163.467;33.087;259.77599;216.37026
0.05;163.713;32.964;259.78658;216.34689
0.04;164.082;32.964;259.80244;216.31188
0.05;164.205;33.087;259.80772;216.30023
0.05;164.574;32.964;259.82354;216.26529
0.04;164.82;33.087;259.83407;216.24203
0.05;164.943;33.333;259.83933;216.23041
0.05;165.312;33.087;259.8551;216.19558
0.04;165.435;33.333;259.86035;216.18398
0.05;165.681;33.21;259.87084;216.16081
0.05;165.804;33.21;259.87608;216.14923
0.04;166.173;33.21;259.89178;216.11452
0.05;166.419;33.333;259.90223;216.09142
0.05;166.542;33.456;259.90746;216.07987
0.04;166.911;33.333;259.9231;216.04527
0.05;167.034;33.579;259.92831;216.03375
0.05;167.403;33.579;259.94392;215.99922
0.04;167.772;33.579;259.9595;215.96475
0.05;168.018;33.579;259.96988;215.9418
0.04;168.141;33.702;259.97506;215.93033
0.05;168.51;33.702;259.99059;215.89596
0.05;168.633;33.702;259.99576;215.88451
0.05;169.002;33.702;260.01125;215.85021
0.04;169.371;33.579;260.02671;215.81597
0.05;169.617;33.579;260.03701;215.79316
0.05;169.74;33.702;260.04215;215.78177
0.04;169.74;33.948;260.04215;215.78177
0.05;170.109;33.948;260.05756;215.74763
0.05;170.355;33.948;260.06781;215.7249
0.04;170.601;33.825;260.07806;215.70219
0.05;170.847;33.948;260.08829;215.6795
0.04;170.97;34.194;260.09341;215.66817
0.05;171.339;33.948;260.10872;215.6342
0.05;171.708;34.071;260.12402;215.60028
0.05;171.831;34.194;260.12911;215.58899
0.04;172.2;34.194;260.14436;215.55514
0.05;172.569;34.071;260.15959;215.52135
0.05;172.815;34.194;260.16973;215.49885
0.04;173.061;34.194;260.17985;215.47637
0.05;173.307;34.194;260.18997;215.45391
0.04;173.553;34.071;260.20007;215.43148
0.05;173.676;34.317;260.20512;215.42027
0.05;173.799;34.317;260.21016;215.40907
0.04;174.168;34.317;260.22527;215.3755
0.05;174.414;34.317;260.23533;215.35314
0.05;174.66;34.317;260.24538;215.33081
0.05;174.906;34.317;260.25542;215.30851
0.04;175.152;34.44;260.26544;215.28622
0.05;175.521;34.317;260.28045;215.25284
0.04;175.644;34.44;260.28545;215.24172
0.05;176.013;34.44;260.30043;215.20841
0.05;176.136;34.44;260.30542;215.19731
0.04;176.382;34.44;260.31539;215.17514
0.05;176.751;34.44;260.33031;215.14193
0.04;176.997;34.317;260.34025;215.11981
0.05;177.243;34.44;260.35017;215.09772
0.05;177.366;34.44;260.35513;215.08668
0.05;177.735;34.44;260.36999;215.05361
0.04;177.858;34.563;260.37493;215.04259
0.05;178.227;34.317;260.38975;215.00958
0.05;178.35;34.563;260.39469;214.99859
0.04;178.596;34.44;260.40455;214.97662
0.05;178.596;34.809;260.40455;214.97662
0.05;178.965;34.686;260.41932;214.94371
0.04;179.088;34.809;260.42424;214.93275
0.05;179.457;34.809;260.43897;214.89991
0.04;179.826;34.932;260.45368;214.86711
0.05;180.195;34.932;260.46836;214.83437
0.05;180.564;35.055;260.48302;214.80168
0.05;180.81;35.055;260.49277;214.77991
0.04;181.056;35.178;260.50252;214.75817
0.05;181.302;35.178;260.51225;214.73644
0.05;181.425;35.178;260.51711;214.72559
0.04;181.671;35.055;260.52683;214.7039
0.05;181.794;35.301;260.53168;214.69307
0.04;182.04;35.178;260.54138;214.67141
0.05;182.286;35.178;260.55107;214.64977
0.05;182.532;35.301;260.56075;214.62816
0.04;182.901;35.178;260.57524;214.59579
0.05;183.147;35.301;260.58489;214.57423
0.05;183.393;35.301;260.59452;214.55269
0.05;183.639;35.301;260.60415;214.53118
0.04;183.885;35.301;260.61376;214.50969
0.05;184.131;35.301;260.62336;214.48822
0.04;184.254;35.424;260.62816;214.47749
0.05;184.377;35.547;260.63295;214.46677
0.05;184.746;35.424;260.64732;214.43464
0.04;184.869;35.67;260.6521;214.42394
0.05;185.115;35.67;260.66166;214.40256
0.05;185.361;35.916;260.67121;214.3812
0.04;185.607;35.793;260.68074;214.35986
0.05;185.976;35.916;260.69502;214.3279
0.05;186.345;35.916;260.70928;214.29598
0.04;186.714;35.916;260.72351;214.26411
0.05;186.96;36.039;260.73298;214.24289
0.05;187.329;36.162;260.74717;214.2111
0.04;187.452;36.285;260.75189;214.20052
0.05;187.698;36.285;260.76133;214.17937
0.05;187.821;36.408;260.76605;214.1688
0.04;188.067;36.408;260.77547;214.14767
0.05;188.313;36.408;260.78489;214.12657
0.04;188.559;36.285;260.79429;214.1055
0.05;188.805;36.408;260.80368;214.08444
0.05;188.928;36.531;260.80837;214.07392
0.05;189.297;36.408;260.82242;214.04239
0.04;189.543;36.408;260.83178;214.0214
0.05;189.666;36.531;260.83645;214.01091
0.05;190.035;36.654;260.85046;213.97947
0.04;190.404;36.531;260.86444;213.94809
0.05;190.527;36.654;260.8691;213.93764
0.04;190.773;36.531;260.8784;213.91675
0.05;190.896;36.654;260.88305;213.90632
0.05;191.265;36.531;260.89697;213.87504
0.04;191.511;36.777;260.90624;213.85422
0.05;191.757;36.777;260.9155;213.83342
0.05;192.003;36.777;260.92474;213.81264
0.05;192.249;36.9;260.93398;213.79188
0.04;192.618;36.654;260.94781;213.76078
0.05;192.741;36.9;260.95242;213.75043
0.04;192.987;36.9;260.96162;213.72973
0.05;193.11;37.023;260.96622;213.71939
0.05;193.479;37.023;260.98;213.68841
0.04;193.602;37.146;260.98459;213.67809
0.05;193.971;37.269;260.99833;213.64716
0.05;194.34;37.269;261.01205;213.61628
0.04;194.586;37.269;261.02119;213.59572
0.05;194.832;37.269;261.03031;213.57519
0.05;195.078;37.392;261.03942;213.55467
0.04;195.201;37.515;261.04398;213.54442
0.05;195.447;37.515;261.05307;213.52393
0.05;195.693;37.515;261.06216;213.50347
0.04;195.939;37.515;261.07123;213.48302
0.05;196.185;37.638;261.0803;213.4626
0.05;196.431;37.638;261.08935;213.4422
0.04;196.8;37.515;261.10291;213.41163
0.05;197.046;37.638;261.11194;213.39128
0.04;197.415;37.515;261.12546;213.3608
0.05;197.538;37.761;261.12996;213.35064
0.05;197.907;37.638;261.14345;213.32022
0.05;198.03;37.761;261.14794;213.31009
0.04;198.153;37.761;261.15243;213.29996
0.05;198.399;37.761;261.1614;213.27972
0.05;198.645;37.761;261.17036;213.25951
0.04;199.014;37.515;261.18378;213.22922
0.05;199.26;37.638;261.19271;213.20905
0.04;199.506;37.638;261.20163;213.18891
0.05;199.629;37.761;261.20609;213.17884
0.05;199.998;37.638;261.21944;213.14868
0.04;200.121;37.884;261.22389;213.13864
0.05;200.49;37.884;261.23721;213.10853
0.05;200.736;37.884;261.24608;213.08849
0.04;200.859;38.007;261.25052;213.07848
0.05;201.228;37.884;261.26379;213.04847
0.05;201.474;38.007;261.27263;213.02848
0.05;201.72;38.007;261.28146;213.00852
0.04;201.966;38.13;261.29028;212.98858
0.05;202.212;38.13;261.29909;212.96866
0.04;202.458;38.13;261.30788;212.94876
0.05;202.704;38.253;261.31667;212.92888
0.05;202.827;38.376;261.32106;212.91894
0.04;203.073;38.376;261.32983;212.89909
0.05;203.319;38.499;261.33859;212.87926
0.05;203.688;38.499;261.35172;212.84956
0.04;204.057;38.499;261.36482;212.81989
0.05;204.18;38.868;261.36918;212.81001
0.05;204.549;38.745;261.38225;212.78041
0.04;204.795;38.745;261.39095;212.7607
0.05;204.918;38.991;261.3953;212.75085
0.05;205.287;38.868;261.40832;212.72134
0.04;205.533;38.868;261.41699;212.70169
0.05;205.779;38.991;261.42565;212.68206
0.05;205.902;38.991;261.42998;212.67225
0.04;206.148;38.991;261.43862;212.65265
0.05;206.394;38.991;261.44726;212.63307
0.04;206.517;39.114;261.45157;212.62329
0.05;206.763;39.114;261.46019;212.60374
0.05;207.132;39.114;261.4731;212.57445
0.05;207.255;39.237;261.4774;212.56469
0.04;207.501;39.36;261.48599;212.5452
0.05;207.993;39.237;261.50314;212.50628
0.05;208.239;39.237;261.51169;212.48684
0.04;208.485;39.237;261.52024;212.46743
0.05;208.854;39.237;261.53305;212.43835
0.04;208.977;39.237;261.53731;212.42866
0.05;209.1;39.36;261.54157;212.41898
0.05;209.346;39.237;261.55009;212.39964
0.04;209.592;39.483;261.55859;212.38031
0.05;209.961;39.36;261.57133;212.35136
0.05;210.207;39.36;261.57981;212.33209
0.05;210.453;39.483;261.58828;212.31283
0.04;210.699;39.483;261.59674;212.29359
0.05;210.945;39.483;261.60519;212.27437
0.04;211.191;39.606;261.61364;212.25517
0.05;211.437;39.483;261.62207;212.23599
0.05;211.56;39.606;261.62628;212.22641
0.04;211.806;39.606;261.63469;212.20726
0.05;212.052;39.606;261.6431;212.18813
0.05;212.298;39.729;261.6515;212.16902
0.04;212.544;39.729;261.65989;212.14993
0.05;212.667;39.975;261.66408;212.14039
0.04;212.913;40.098;261.67245;212.12132
0.05;213.282;39.975;261.68499;212.09276
0.05;213.405;40.098;261.68916;212.08325
0.05;213.897;40.098;261.70584;212.04526
0.04;214.143;40.098;261.71417;212.02629
0.05;214.512;40.098;261.72663;211.99787
0.05;214.758;39.975;261.73493;211.97895
0.04;214.881;40.098;261.73908;211.9695
0.05;215.25;39.852;261.75151;211.94117
0.04;215.496;39.852;261.75978;211.92231
0.05;215.865;39.606;261.77217;211.89405
0.05;215.865;39.852;261.77217;211.89405
0.04;216.111;39.729;261.78041;211.87523
0.05;216.234;39.975;261.78453;211.86583
0.05;216.48;39.975;261.79277;211.84704
0.05;216.726;40.098;261.80099;211.82827
0.04;217.095;39.975;261.81331;211.80016
0.05;217.341;39.975;261.82151;211.78143
0.04;217.587;39.852;261.8297;211.76273
0.05;217.833;39.852;261.83788;211.74405
0.05;218.079;39.975;261.84605;211.72538
0.04;218.202;40.098;261.85013;211.71606
0.05;218.817;39.606;261.87051;211.6695
0.05;218.94;39.729;261.87458;211.6602
0.04;219.186;39.729;261.88271;211.64162
0.05;219.309;39.852;261.88677;211.63233
0.05;219.555;39.852;261.89489;211.61378
0.04;219.678;39.729;261.89894;211.60451
0.05;219.924;39.729;261.90704;211.58599
0.05;220.17;39.729;261.91513;211.56748
0.04;220.416;39.852;261.92322;211.54899
0.05;220.785;39.729;261.93532;211.52129
0.05;221.031;39.852;261.94338;211.50285
0.04;221.277;39.975;261.95143;211.48443
0.05;221.523;39.975;261.95947;211.46602
0.04;221.892;39.852;261.97152;211.43845
0.05;222.015;39.975;261.97553;211.42926
0.05;222.507;39.852;261.99155;211.39258
0.05;222.63;39.975;261.99555;211.38342
0.04;222.876;39.852;262.00354;211.36512
0.05;223.122;39.852;262.01152;211.34683
0.05;223.491;39.729;262.02347;211.31943
0.04;223.614;39.852;262.02745;211.31031
0.05;223.737;39.852;262.03143;211.30119
0.04;223.983;39.852;262.03938;211.28297
0.05;224.229;39.852;262.04732;211.26477
0.05;224.475;39.852;262.05525;211.24658
0.05;224.721;39.852;262.06318;211.22841
0.04;224.967;39.852;262.07109;211.21026
0.05;225.213;39.975;262.07899;211.19213
0.05;225.336;40.098;262.08294;211.18307
0.04;225.828;39.975;262.09872;211.14688
0.05;226.197;39.852;262.11052;211.11978
0.04;226.32;39.852;262.11445;211.11076
0.05;226.566;39.975;262.12231;211.09272
0.05;226.812;39.975;262.13015;211.07471
0.04;226.935;40.221;262.13407;211.06571
0.05;227.181;40.221;262.14191;211.04772
0.05;227.427;40.221;262.14973;211.02975
0.05;227.796;40.098;262.16145;211.00283
0.04;228.042;40.098;262.16925;210.9849
0.05;228.165;40.221;262.17315;210.97594
0.04;228.411;40.221;262.18094;210.95804
0.05;228.657;40.221;262.18871;210.94016
0.05;228.903;40.221;262.19649;210.9223
0.04;229.272;40.221;262.20812;210.89553
0.05;229.395;40.344;262.212;210.88662
0.05;229.641;40.221;262.21974;210.86881
0.05;229.887;40.344;262.22748;210.85102
0.04;230.256;40.221;262.23907;210.82436
0.05;230.379;40.344;262.24292;210.81548
0.05;230.625;40.344;262.25063;210.79774
0.04;230.871;40.467;262.25833;210.78002
0.05;231.24;40.467;262.26987;210.75347
0.04;231.486;40.467;262.27755;210.73579
0.05;231.732;40.713;262.28522;210.71813
0.05;232.101;40.713;262.29671;210.69167
0.04;232.224;40.713;262.30053;210.68286
0.05;232.47;40.713;262.30818;210.66525
0.05;232.716;40.713;262.31581;210.64765
0.05;233.085;40.713;262.32725;210.6213
0.04;233.331;40.59;262.33486;210.60375
0.05;233.454;40.713;262.33867;210.59498
0.04;233.7;40.713;262.34627;210.57746
0.05;233.946;40.836;262.35386;210.55995
0.05;234.192;40.713;262.36145;210.54246
0.04;234.438;40.836;262.36902;210.52499
0.05;234.684;40.836;262.37659;210.50754
0.05;234.93;40.959;262.38415;210.4901
0.04;235.176;40.836;262.3917;210.47268
0.05;235.422;40.836;262.39924;210.45528
0.05;235.668;40.959;262.40677;210.43789
0.04;235.914;40.959;262.4143;210.42052
0.05;236.16;41.082;262.42181;210.40317
0.05;236.529;40.959;262.43307;210.37718
0.04;236.775;41.082;262.44057;210.35987
0.05;237.021;40.959;262.44806;210.34257
0.05;237.267;41.082;262.45554;210.3253
0.04;237.636;41.082;262.46674;210.29942
0.05;237.882;41.082;262.4742;210.28218
0.04;238.005;41.328;262.47792;210.27357
0.05;238.251;41.328;262.48537;210.25637
0.05;238.374;41.451;262.48909;210.24777
0.05;238.62;41.451;262.49652;210.23059
0.04;238.866;41.451;262.50395;210.21342
0.05;239.112;41.451;262.51136;210.19627
0.05;239.358;41.328;262.51877;210.17914
0.04;239.727;41.328;262.52987;210.15347
0.05;239.85;41.451;262.53356;210.14493
0.04;239.973;41.574;262.53726;210.13638
0.05;240.342;41.574;262.54832;210.11078
0.05;240.588;41.697;262.55569;210.09373
0.05;240.957;41.574;262.56673;210.06819
0.04;241.203;41.697;262.57407;210.05118
0.05;241.449;41.574;262.58141;210.03419
0.05;241.695;41.697;262.58874;210.01721
0.04;241.941;41.697;262.59607;210.00026
0.05;242.31;41.574;262.60703;209.97485
0.04;242.556;41.697;262.61434;209.95793
0.05;242.679;41.82;262.61799;209.94948
0.05;242.925;41.82;262.62528;209.93259
0.04;243.171;41.943;262.63256;209.91571
0.05;243.417;41.943;262.63983;209.89885
0.05;243.663;41.943;262.6471;209.88201
0.05;243.909;41.943;262.65436;209.86518
0.04;244.155;41.943;262.66161;209.84837
0.05;244.401;41.943;262.66885;209.83158
0.04;244.647;42.066;262.67609;209.8148
0.05;244.77;42.189;262.6797;209.80642
0.05;245.139;42.189;262.69053;209.78129
0.04;245.508;41.943;262.70134;209.7562
0.05;245.754;41.943;262.70854;209.7395
0.05;246;42.066;262.71573;209.72281
0.05;246.123;42.066;262.71933;209.71447
0.04;246.369;41.943;262.72651;209.69781
0.05;246.492;42.189;262.73009;209.68948
0.04;246.738;42.066;262.73726;209.67284
0.05;246.984;42.066;262.74442;209.65621
0.05;247.23;42.189;262.75157;209.63961
0.04;247.476;42.189;262.75872;209.62301
0.05;247.845;42.189;262.76942;209.59815
0.05;248.091;42.189;262.77654;209.5816
0.04;248.46;42.066;262.78722;209.5568
0.05;248.706;42.189;262.79432;209.54029
0.04;249.075;42.189;262.80497;209.51555
0.05;249.198;42.189;262.80851;209.50731
0.05;249.444;42.189;262.81559;209.49084
0.05;249.567;42.312;262.81913;209.48261
0.04;249.69;42.312;262.82267;209.47439
0.05;249.936;42.312;262.82974;209.45796
0.05;250.305;42.189;262.84032;209.43333
0.04;250.551;42.312;262.84737;209.41694
0.05;250.797;42.435;262.85441;209.40056
0.04;251.166;42.312;262.86496;209.37602
0.05;251.412;42.312;262.87198;209.35968
0.05;251.781;42.189;262.8825;209.3352
0.04;251.904;42.312;262.886;209.32705
0.05;252.273;42.189;262.8965;209.30261
0.05;252.519;42.066;262.90348;209.28634
0.05;252.765;42.066;262.91046;209.27009
0.04;252.888;42.066;262.91395;209.26196
0.05;253.134;42.066;262.92092;209.24573
0.05;253.38;42.066;262.92788;209.22952
0.04;253.626;42.066;262.93484;209.21331
0.05;253.995;41.943;262.94525;209.18904
0.04;254.241;41.943;262.95219;209.17288
0.05;254.487;41.82;262.95912;209.15673
0.05;254.733;41.82;262.96604;209.1406
0.04;254.856;41.82;262.9695;209.13254
0.05;254.979;41.82;262.97295;209.12448
0.05;255.102;41.82;262.97641;209.11643
0.05;255.471;41.574;262.98676;209.0923
0.04;255.594;41.697;262.9902;209.08426
0.05;255.963;41.574;263.00053;209.06017
0.04;256.209;41.697;263.00741;209.04413
0.05;256.578;41.574;263.01771;209.0201
0.05;256.824;41.574;263.02457;209.00409
0.04;257.07;41.574;263.03142;208.9881
0.05;257.316;41.451;263.03827;208.97213
0.05;257.562;41.451;263.0451;208.95617
0.04;257.808;41.451;263.05193;208.94023
0.05;258.054;41.451;263.05876;208.9243
0.04;258.3;41.451;263.06557;208.90839
0.05;258.546;41.574;263.07238;208.89249
0.05;258.915;41.451;263.08258;208.86867
0.05;259.038;41.574;263.08597;208.86074
0.04;259.284;41.697;263.09276;208.84489
0.05;259.53;41.697;263.09954;208.82905
0.05;259.653;41.697;263.10293;208.82114
0.04;259.899;41.697;263.1097;208.80532
0.05;260.145;41.82;263.11646;208.78952
0.04;260.391;41.697;263.12321;208.77373
0.05;260.637;41.697;263.12996;208.75796
0.05;260.883;41.82;263.1367;208.7422
0.05;261.129;41.82;263.14344;208.72646
0.04;261.375;41.82;263.15016;208.71073
0.05;261.744;41.82;263.16024;208.68717
0.05;261.99;41.697;263.16695;208.67148
0.04;262.236;41.697;263.17365;208.6558
0.05;262.482;41.697;263.18035;208.64014
0.04;262.728;41.82;263.18704;208.62449
0.05;262.974;41.82;263.19372;208.60886
0.05;263.343;41.697;263.20373;208.58544
0.04;263.589;41.82;263.21039;208.56984
0.05;263.835;41.574;263.21705;208.55426
0.05;264.081;41.574;263.2237;208.53869
0.05;264.327;41.574;263.23034;208.52314
0.04;264.573;41.328;263.23698;208.5076
0.05;264.696;41.451;263.2403;208.49983
0.04;265.065;41.205;263.25024;208.47656
0.05;265.065;41.328;263.25024;208.47656
0.05;265.434;41.205;263.26016;208.45332
0.04;265.68;40.959;263.26676;208.43785
0.05;265.803;41.082;263.27007;208.43011
0.05;266.049;41.205;263.27666;208.41466
0.04;266.295;41.082;263.28325;208.39922
0.05;266.664;41.082;263.29312;208.37609
0.05;266.91;41.205;263.2997;208.36069
0.04;267.279;41.205;263.30954;208.33761
0.05;267.648;41.205;263.31937;208.31456
0.05;267.771;41.451;263.32265;208.30688
0.04;268.14;41.328;263.33246;208.28388
0.05;268.386;41.328;263.33899;208.26856
0.05;268.509;41.451;263.34226;208.2609
0.04;268.755;41.451;263.34878;208.24561
0.05;268.878;41.451;263.35204;208.23796
0.04;269.247;41.451;263.36181;208.21505
0.05;269.493;41.451;263.36831;208.19979
0.05;269.739;41.451;263.37481;208.18455
0.05;269.985;41.574;263.3813;208.16932
0.04;270.231;41.451;263.38778;208.15411
0.05;270.6;41.328;263.39749;208.13131
0.05;270.723;41.451;263.40073;208.12372
0.04;270.969;41.451;263.40719;208.10855
0.05;271.092;41.451;263.41042;208.10096
0.04;271.338;41.451;263.41688;208.08581
0.05;271.707;41.328;263.42655;208.06311
0.05;271.953;41.328;263.43299;208.04799
0.04;272.199;41.205;263.43942;208.03288
0.05;272.568;41.205;263.44905;208.01025
0.05;272.814;41.082;263.45547;207.99518
0.05;273.183;41.082;263.46508;207.9726
0.04;273.429;41.082;263.47148;207.95756
0.05;273.798;40.836;263.48107;207.93503
0.04;273.798;40.959;263.48107;207.93503
0.05;273.921;40.959;263.48427;207.92753
0.05;274.167;40.959;263.49065;207.91253
0.04;274.413;40.836;263.49702;207.89755
0.05;274.659;40.713;263.50339;207.88258
0.05;274.905;40.713;263.50975;207.86762
0.04;275.151;40.713;263.51611;207.85268
0.05;275.397;40.713;263.52246;207.83775
0.05;275.52;40.836;263.52563;207.83029
0.05;275.889;40.713;263.53514;207.80793
0.04;276.258;40.713;263.54464;207.7856
0.05;276.504;40.713;263.55096;207.77073
0.04;276.627;40.713;263.55412;207.7633
0.05;276.873;40.836;263.56043;207.74845
0.05;277.119;40.713;263.56674;207.73361
0.04;277.365;40.713;263.57304;207.71879
0.05;277.611;40.713;263.57933;207.70398
0.05;277.734;40.836;263.58248;207.69658
0.05;278.103;40.713;263.59191;207.6744
0.04;278.349;40.713;263.59818;207.65963
0.05;278.595;40.713;263.60445;207.64487
0.04;278.841;40.836;263.61072;207.63012
0.05;279.087;40.836;263.61698;207.61539
0.05;279.333;40.959;263.62323;207.60067
0.04;279.702;40.713;263.6326;207.57862
0.05;279.948;40.713;263.63883;207.56393
0.04;280.194;40.713;263.64506;207.54926
0.05;280.44;40.713;263.65129;207.53459
0.05;280.809;40.59;263.66062;207.51263
0.05;281.055;40.467;263.66683;207.498
0.04;281.301;40.467;263.67303;207.48338
0.05;281.547;40.344;263.67923;207.46878
0.05;281.67;40.467;263.68233;207.46148
0.04;281.916;40.467;263.68852;207.4469
0.05;282.162;40.467;263.6947;207.43233
0.05;282.162;40.59;263.6947;207.43233
0.04;282.408;40.59;263.70088;207.41777
0.05;282.777;40.59;263.71014;207.39595
0.04;283.146;40.467;263.71938;207.37417
0.05;283.269;40.59;263.72246;207.36691
0.05;283.638;40.59;263.73169;207.34516
0.05;283.884;40.467;263.73783;207.33068
0.04;284.13;40.467;263.74397;207.31621
0.05;284.376;40.467;263.7501;207.30175
0.05;284.499;40.59;263.75317;207.29453
0.04;284.868;40.344;263.76235;207.27287
0.05;285.114;40.467;263.76847;207.25845
0.04;285.36;40.344;263.77458;207.24404
0.05;285.606;40.344;263.78068;207.22965
0.05;285.975;40.344;263.78983;207.20808
0.04;286.344;40.221;263.79896;207.18653
0.05;286.59;40.098;263.80504;207.17219
0.05;286.836;39.975;263.81112;207.15785
0.05;286.959;40.098;263.81415;207.15069
0.04;287.082;40.098;263.81719;207.14353
0.05;287.328;40.098;263.82325;207.12922
0.04;287.451;40.098;263.82628;207.12207
0.05;287.697;40.098;263.83234;207.10778
0.05;287.943;40.221;263.83839;207.0935
0.04;288.189;40.221;263.84444;207.07923
0.05;288.435;40.344;263.85048;207.06498
0.05;288.681;40.344;263.85651;207.05074
0.05;288.927;40.467;263.86254;207.03651
0.04;289.296;40.467;263.87157;207.01518
0.05;289.542;40.59;263.87759;207.00098
0.04;289.911;40.467;263.8866;206.9797
0.05;290.034;40.713;263.8896;206.97262
0.05;290.403;40.59;263.8986;206.95137
0.04;290.649;40.467;263.90459;206.93723
0.05;290.772;40.59;263.90758;206.93016
0.05;291.018;40.59;263.91357;206.91603
0.04;291.264;40.59;263.91955;206.90191
0.05;291.51;40.59;263.92552;206.88781
0.05;291.756;40.59;263.93148;206.87371
0.04;292.002;40.59;263.93745;206.85963
0.05;292.248;40.59;263.9434;206.84556
0.05;292.494;40.713;263.94935;206.8315
0.04;292.74;40.713;263.9553;206.81746
0.05;292.986;40.59;263.96124;206.80342
0.05;293.232;40.59;263.96718;206.7894
0.04;293.355;40.713;263.97014;206.78239
0.05;293.601;40.959;263.97607;206.76839
0.04;293.97;40.836;263.98495;206.7474
0.05;294.339;40.713;263.99382;206.72644
0.05;294.585;40.836;263.99973;206.71248
0.05;294.831;40.713;264.00563;206.69853
0.04;295.2;40.713;264.01448;206.67763
0.05;295.569;40.467;264.02331;206.65676
0.05;295.692;40.467;264.02625;206.64981
0.04;295.938;40.221;264.03213;206.63591
0.05;296.061;40.221;264.03507;206.62897
0.04;296.307;40.098;264.04094;206.61509
0.05;296.553;40.098;264.0468;206.60122
0.05;296.676;40.098;264.04973;206.59429
0.04;296.922;40.098;264.05559;206.58044
0.05;297.168;40.221;264.06145;206.5666
0.05;297.414;40.221;264.0673;206.55277
0.05;297.783;39.975;264.07606;206.53205
0.04;298.029;39.975;264.0819;206.51825
0.05;298.398;39.852;264.09064;206.49757
0.04;298.521;39.852;264.09355;206.49069
0.05;298.767;39.606;264.09938;206.47692
0.05;299.136;39.483;264.1081;206.45629
0.04;299.382;39.483;264.11391;206.44255
0.05;299.628;39.483;264.11971;206.42882
0.05;299.874;39.36;264.12551;206.41511
0.05;300.12;39.36;264.13131;206.4014
0.04;300.489;39.237;264.13999;206.38087
0.05;300.612;39.36;264.14288;206.37403
0.04;300.858;39.237;264.14866;206.36035
0.05;301.104;39.237;264.15444;206.34669
0.05;301.35;39.114;264.16021;206.33304
0.04;301.473;39.114;264.16309;206.32622
0.05;301.719;39.114;264.16886;206.31259
0.05;301.965;39.114;264.17462;206.29896
0.04;302.211;39.114;264.18037;206.28535
0.05;302.58;38.991;264.18899;206.26495
0.05;302.826;38.991;264.19473;206.25137
0.04;303.072;38.991;264.20047;206.23779
0.05;303.318;38.991;264.20621;206.22423
0.05;303.564;38.991;264.21193;206.21067
0.04;303.81;38.745;264.21766;206.19713
0.05;304.056;38.745;264.22338;206.1836
0.05;304.302;38.499;264.22909;206.17008
0.04;304.425;38.499;264.23195;206.16332
0.05;304.671;38.376;264.23766;206.14982
0.05;305.04;38.253;264.24621;206.12958
0.04;305.286;38.13;264.2519;206.1161
0.05;305.655;38.007;264.26044;206.0959
0.05;306.024;37.761;264.26897;206.07573
0.04;306.393;37.515;264.27748;206.05557
0.05;306.639;37.269;264.28315;206.04215
0.05;306.762;37.146;264.28599;206.03545
0.04;306.885;37.023;264.28882;206.02874
0.05;307.008;36.9;264.29165;206.02204
0.05;307.254;36.777;264.29731;206.00864
0.04;307.5;36.654;264.30297;205.99526
0.05;307.746;36.654;264.30862;205.98188
0.04;307.869;36.654;264.31144;205.9752
0.05;308.238;36.408;264.31991;205.95517
0.05;308.484;36.408;264.32555;205.94182
0.05;308.853;36.285;264.334;205.92183
0.04;309.099;36.285;264.33962;205.90851
0.05;309.468;36.039;264.34806;205.88855
0.05;309.591;36.039;264.35087;205.8819
0.04;309.837;35.916;264.35648;205.86861
0.05;310.083;35.916;264.36209;205.85533
0.04;310.329;35.67;264.3677;205.84207
0.05;310.575;35.67;264.3733;205.82881
0.05;310.821;35.67;264.3789;205.81556
0.04;311.067;35.547;264.38449;205.80232
0.05;311.313;35.424;264.39008;205.7891
0.05;311.682;35.178;264.39845;205.76927
0.05;311.928;35.178;264.40403;205.75607
0.04;312.174;35.055;264.40961;205.74288
0.05;312.42;34.932;264.41518;205.72969
0.04;312.666;34.686;264.42074;205.71652
0.05;312.789;34.809;264.42353;205.70994
0.05;313.035;34.686;264.42909;205.69678
0.04;313.404;34.563;264.43742;205.67706
0.05;313.65;34.317;264.44297;205.66393
0.05;313.896;34.194;264.44851;205.6508
0.04;314.142;34.071;264.45405;205.63769
0.05;314.388;33.948;264.45959;205.62458
0.05;314.634;33.702;264.46513;205.61149
0.04;314.757;33.702;264.46789;205.60494
0.05;315.003;33.456;264.47342;205.59186
0.05;315.372;33.21;264.4817;205.57226
0.04;315.618;33.087;264.48722;205.5592
0.05;315.864;32.964;264.49273;205.54616
0.05;316.233;32.841;264.501;205.5266
0.04;316.356;32.718;264.50375;205.52009
0.05;316.602;32.718;264.50925;205.50707
0.04;316.971;32.349;264.51749;205.48756
0.05;317.094;32.226;264.52024;205.48106
0.05;317.34;32.103;264.52573;205.46807
0.05;317.586;31.98;264.53122;205.45509
0.04;317.709;31.857;264.53396;205.4486
0.05;317.955;31.734;264.53944;205.43564
0.05;318.324;31.611;264.54765;205.4162
0.04;318.57;31.488;264.55312;205.40326
0.05;318.816;31.365;264.55859;205.39033
0.04;319.185;31.119;264.56678;205.37094
0.05;319.308;31.119;264.56951;205.36449
0.05;319.677;30.873;264.57769;205.34513
0.04;319.923;30.75;264.58314;205.33224
0.05;320.169;30.381;264.58859;205.31935
0.05;320.415;30.258;264.59403;205.30648
0.05;320.538;30.135;264.59675;205.30004
0.04;320.784;29.889;264.60219;205.28718
0.05;321.03;29.643;264.60762;205.27433
0.04;321.276;29.52;264.61305;205.26149
0.05;321.522;29.274;264.61848;205.24865
0.05;321.768;29.028;264.6239;205.23583
0.04;322.137;28.659;264.63203;205.21661
0.05;322.506;28.536;264.64015;205.19741
0.05;322.752;28.29;264.64556;205.18462
0.04;322.875;28.29;264.64826;205.17823
0.05;323.121;27.921;264.65366;205.16545
0.04;323.367;27.798;264.65906;205.15269
0.05;323.613;27.552;264.66446;205.13993
0.05;323.736;27.306;264.66715;205.13355
0.05;323.982;27.183;264.67254;205.12081
0.04;324.105;27.06;264.67524;205.11444
0.05;324.474;26.814;264.68331;205.09534
0.05;324.72;26.691;264.68869;205.08263
0.04;325.089;26.445;264.69676;205.06356
0.05;325.335;26.322;264.70213;205.05087
0.04;325.704;25.953;264.71018;205.03184
0.05;325.827;25.953;264.71286;205.0255
0.05;326.073;25.707;264.71822;205.01283
0.05;326.442;25.461;264.72626;204.99384
0.04;326.688;25.215;264.73161;204.98119
0.05;326.811;25.092;264.73429;204.97487
0.05;326.934;24.969;264.73696;204.96855
0.04;327.18;24.846;264.74231;204.95592
0.05;327.303;24.723;264.74498;204.9496
0.05;327.549;24.6;264.75032;204.93698
0.04;327.795;24.354;264.75566;204.92437
0.05;328.164;24.231;264.76366;204.90547
0.04;328.287;24.108;264.76632;204.89917
0.05;328.656;23.985;264.77431;204.8803
0.05;329.025;23.616;264.7823;204.86144
0.05;329.271;23.616;264.78762;204.84888
0.04;329.517;23.37;264.79293;204.83633
0.05;329.763;23.247;264.79824;204.82378
0.05;330.009;23.001;264.80355;204.81124
0.04;330.255;22.755;264.80886;204.79872
0.05;330.501;22.509;264.81416;204.7862
0.04;330.87;22.263;264.82211;204.76743
0.05;331.116;22.017;264.8274;204.75493
0.05;331.362;21.648;264.83269;204.74244
0.04;331.362;21.648;264.83269;204.74244
0.05;331.731;21.279;264.84062;204.72372
0.05;331.854;21.156;264.84327;204.71748
0.05;332.1;20.91;264.84855;204.70501
0.04;332.469;20.664;264.85647;204.68633
0.05;332.715;20.541;264.86174;204.67388
0.04;332.961;20.295;264.86701;204.66144
0.05;333.207;20.049;264.87228;204.64901
0.05;333.576;19.803;264.88018;204.63037
0.04;333.822;19.68;264.88544;204.61796
0.05;334.068;19.434;264.8907;204.60556
0.04;334.314;19.188;264.89595;204.59316
0.05;334.56;18.942;264.90121;204.58077
0.05;334.683;18.696;264.90383;204.57458
0.05;334.806;18.573;264.90646;204.56839
0.04;335.052;18.45;264.9117;204.55602
0.05;335.175;18.327;264.91433;204.54984
0.05;335.421;18.204;264.91957;204.53747
0.04;335.79;18.081;264.92743;204.51895
0.05;336.036;17.958;264.93266;204.5066
0.05;336.528;17.712;264.94312;204.48194
0.04;336.651;17.589;264.94574;204.47578
0.05;336.897;17.466;264.95096;204.46347
0.04;337.02;17.343;264.95357;204.45731
0.05;337.266;17.097;264.9588;204.44501
0.05;337.512;16.974;264.96401;204.43271
0.05;337.881;16.728;264.97184;204.41428
0.04;338.127;16.482;264.97705;204.402
0.05;338.373;16.482;264.98226;204.38973
0.05;338.619;16.236;264.98746;204.37747
0.04;338.865;16.236;264.99267;204.36521
0.05;339.111;16.113;264.99787;204.35296
0.04;339.234;15.99;265.00047;204.34684
0.05;339.48;15.744;265.00567;204.33461
0.05;339.726;15.744;265.01086;204.32238
0.04;339.972;15.498;265.01605;204.31015
0.05;340.218;15.498;265.02124;204.29794
0.05;340.464;15.375;265.02643;204.28573
0.05;340.71;15.129;265.03161;204.27353
0.04;340.956;15.129;265.03679;204.26133
0.05;341.202;14.883;265.04197;204.24915
0.04;341.448;14.883;265.04715;204.23697
0.05;341.817;14.514;265.05491;204.21871
0.05;342.063;14.514;265.06008;204.20655
0.04;342.309;14.391;265.06525;204.1944
0.05;342.678;14.145;265.07299;204.17618
0.05;342.924;14.022;265.07815;204.16404
0.04;343.17;13.899;265.08331;204.15191
0.05;343.416;13.653;265.08847;204.13979
0.05;343.662;13.53;265.09362;204.12767
0.04;343.908;13.284;265.09878;204.11556
0.05;344.031;13.284;265.10135;204.10951
0.05;344.277;13.161;265.1065;204.09741
0.04;344.523;12.915;265.11164;204.08532
0.05;344.646;12.915;265.11422;204.07928
0.05;344.892;12.669;265.11936;204.06719
0.04;345.138;12.546;265.1245;204.05512
0.05;345.507;12.3;265.1322;204.03702
0.04;345.753;12.054;265.13734;204.02496
0.05;345.999;12.054;265.14247;204.01291
0.05;346.245;11.808;265.1476;204.00087
0.04;346.491;11.808;265.15273;203.98883
0.05;346.737;11.562;265.15785;203.9768
0.05;346.983;11.439;265.16298;203.96477
0.04;347.229;11.316;265.1681;203.95275
0.05;347.352;11.193;265.17066;203.94675
0.05;347.598;10.947;265.17577;203.93474
0.04;347.844;10.824;265.18089;203.92274
0.05;348.09;10.824;265.186;203.91074
0.05;348.336;10.701;265.19111;203.89876
0.04;348.459;10.824;265.19367;203.89276
0.05;348.828;10.701;265.20133;203.8748
0.05;349.197;10.578;265.20899;203.85685
0.04;349.443;10.578;265.21409;203.84489
0.05;349.812;10.332;265.22174;203.82696
0.04;350.181;10.086;265.22938;203.80905
0.05;350.427;9.963;265.23447;203.79711
0.05;350.673;9.84;265.23956;203.78518
0.04;350.796;9.717;265.24211;203.77922
0.05;350.919;9.594;265.24465;203.77326
0.05;351.165;9.471;265.24974;203.76135
0.04;351.411;9.348;265.25483;203.74944
0.05;351.657;9.225;265.25991;203.73754
0.04;351.903;9.102;265.26499;203.72564
0.05;352.149;8.979;265.27007;203.71375
0.05;352.395;8.856;265.27515;203.70186
0.04;352.641;8.733;265.28022;203.68999
0.05;352.887;8.61;265.2853;203.67811
0.05;353.01;8.733;265.28783;203.67218
0.04;353.256;8.61;265.2929;203.66032
0.05;353.502;8.487;265.29797;203.64846
0.05;353.748;8.487;265.30304;203.63661
0.04;353.994;8.364;265.30811;203.62476
0.05;354.24;8.241;265.31317;203.61292
0.05;354.609;8.118;265.32076;203.59518
0.04;354.978;7.872;265.32835;203.57744
0.05;355.224;7.872;265.33341;203.56563
0.05;355.347;7.872;265.33593;203.55972
0.04;355.593;7.626;265.34099;203.54791
0.05;355.839;7.503;265.34604;203.53611
0.04;356.085;7.38;265.35109;203.52432
0.05;356.331;7.257;265.35614;203.51253
0.05;356.7;7.011;265.36371;203.49485
0.04;356.946;7.011;265.36875;203.48308
0.05;357.069;7.011;265.37127;203.47719
0.05;357.438;6.765;265.37884;203.45955
0.04;357.561;6.642;265.38136;203.45367
0.05;357.807;6.642;265.38639;203.44191
0.04;358.053;6.519;265.39143;203.43016
0.05;358.299;6.519;265.39647;203.41842
0.05;358.422;6.642;265.39898;203.41255
0.04;358.668;6.519;265.40402;203.40081
0.05;358.914;6.396;265.40905;203.38908
0.05;359.16;6.396;265.41408;203.37735
0.04;359.406;6.396;265.41911;203.36563
0.05;359.652;6.396;265.42413;203.35392
0.05;360.021;6.15;265.43167;203.33636
0.04;360.267;6.15;265.4367;203.32466
0.05;360.636;5.904;265.44423;203.30712
0.05;360.759;6.027;265.44674;203.30127
0.04;361.128;5.781;265.45427;203.28375
0.05;361.251;5.781;265.45677;203.27791
0.05;361.62;5.658;265.4643;203.2604
0.04;361.866;5.535;265.46931;203.24873
0.05;362.112;5.412;265.47432;203.23707
0.05;362.358;5.289;265.47934;203.22542
0.04;362.604;5.166;265.48435;203.21377
0.05;362.973;4.92;265.49186;203.1963
0.04;363.096;4.797;265.49436;203.19048
0.05;363.342;4.797;265.49937;203.17885
0.05;363.465;4.674;265.50187;203.17303
0.04;363.711;4.551;265.50687;203.1614
0.05;363.957;4.551;265.51188;203.14978
0.05;364.08;4.428;265.51438;203.14397
0.04;364.326;4.428;265.51938;203.13236
0.05;364.572;4.305;265.52438;203.12075
0.04;364.818;4.059;265.52938;203.10914
0.05;365.064;4.059;265.53437;203.09754
0.05;365.433;3.813;265.54187;203.08015
0.04;365.802;3.69;265.54936;203.06277
0.05;366.048;3.567;265.55435;203.05119
0.04;366.417;3.321;265.56184;203.03383
0.05;366.54;3.444;265.56433;203.02804
0.05;366.786;3.321;265.56932;203.01648
0.04;367.032;3.321;265.57431;203.00492
0.05;367.155;3.321;265.5768;202.99914
0.05;367.401;3.321;265.58179;202.98758
0.04;367.647;3.198;265.58677;202.97603
0.05;367.893;3.198;265.59176;202.96449
0.04;368.139;3.075;265.59674;202.95295
0.05;368.508;2.952;265.60421;202.93565
0.05;368.631;2.952;265.6067;202.92988
0.04;368.877;2.829;265.61168;202.91835
0.05;369.123;2.706;265.61666;202.90683
0.05;369.369;2.583;265.62164;202.89531
0.04;369.492;2.583;265.62413;202.88956
0.05;369.492;2.583;265.62413;202.88956
0.05;369.615;2.46;265.62662;202.8838
0.04;369.615;2.46;265.62662;202.8838
0.04;369.492;2.46;265.62413;202.88956
0.05;369.492;2.337;265.62413;202.88956
0.05;369.369;2.337;265.62164;202.89531
0.04;369.492;2.091;265.62413;202.88956
0.05;369.369;2.091;265.62164;202.89531
0.04;369.246;1.968;265.61915;202.90107
0.05;369.123;1.968;265.61666;202.90683
0.05;369.123;1.845;265.61666;202.90683
0.04;369.123;1.845;265.61666;202.90683
0.05;369.123;1.599;265.61666;202.90683
0.05;369.246;1.476;265.61915;202.90107
0.04;369.246;1.476;265.61915;202.90107
0.05;369.246;1.353;265.61915;202.90107
0.05;369.246;1.23;265.61915;202.90107
0.04;369.246;0.984;265.61915;202.90107
0.05;369.246;0.861;265.61915;202.90107
0.04;369.246;0.738;265.61915;202.90107
0.05;369.246;0.738;265.61915;202.90107
0.05;369.246;0.738;265.61915;202.90107
0.04;369.246;0.615;265.61915;202.90107
0.04;369.246;0.615;265.61915;202.90107
0.05;369.123;0.615;265.61666;202.90683
0.05;369.123;0.615;265.61666;202.90683
0.04;369.123;0.615;265.61666;202.90683
0.05;369.123;0.615;265.61666;202.90683
0.05;369.123;0.615;265.61666;202.90683
0.04;369.123;0.738;265.61666;202.90683
0.05;369.123;0.738;265.61666;202.90683
0.04;369.246;0.492;265.61915;202.90107
0.05;369.369;0.369;265.62164;202.89531
0.05;369.246;0.369;265.61915;202.90107
0.04;369.369;0.123;265.62164;202.89531
0.05;369.246;0.123;265.61915;202.90107
0.05;369.246;0;265.61915;202.90107
0.04;369.123;0;265.61666;202.90683
0.05;369.123;-0.123;265.61666;202.90683
0.05;369;-0.123;265.61417;202.91259
0.04;369.123;-0.246;265.61666;202.90683
0.05;369;-0.123;265.61417;202.91259
0.04;369;-0.246;265.61417;202.91259
0.05;369;-0.246;265.61417;202.91259
0.05;369.123;-0.246;265.61666;202.90683
0.04;369.123;-0.246;265.61666;202.90683
0.05;369.246;-0.369;265.61915;202.90107
0.05;369.246;-0.369;265.61915;202.90107
0.04;369.123;-0.246;265.61666;202.90683
0.05;369.123;-0.246;265.61666;202.90683
0.04;369.123;-0.246;265.61666;202.90683
0.05;369.123;-0.369;265.61666;202.90683
0.05;369;-0.246;265.61417;202.91259
0.04;368.877;-0.246;265.61168;202.91835
0.05;368.877;-0.369;265.61168;202.91835
0.04;369;-0.492;265.61417;202.91259
0.05;369;-0.492;265.61417;202.91259
0.05;369;-0.615;265.61417;202.91259
0.04;369.123;-0.615;265.61666;202.90683
0.05;369;-0.615;265.61417;202.91259
0.05;369;-0.738;265.61417;202.91259
0.04;369.123;-0.861;265.61666;202.90683
0.05;369;-0.738;265.61417;202.91259
0.05;369.123;-0.861;265.61666;202.90683
0.04;369;-0.861;265.61417;202.91259
0.05;369;-0.861;265.61417;202.91259
0.04;369;-0.861;265.61417;202.91259
0.05;369;-0.861;265.61417;202.91259
0.05;369;-0.861;265.61417;202.91259
0.04;369;-0.861;265.61417;202.91259
0.05;369;-0.984;265.61417;202.91259
0.05;369;-0.984;265.61417;202.91259
0.04;369;-0.861;265.61417;202.91259
0.05;369;-0.984;265.61417;202.91259
0.04;369;-1.23;265.61417;202.91259
0.05;369;-1.353;265.61417;202.91259
0.05;369;-1.353;265.61417;202.91259
0.04;369;-1.476;265.61417;202.91259
0.05;369;-1.599;265.61417;202.91259
0.05;369;-1.599;265.61417;202.91259
0.04;369.123;-1.845;265.61666;202.90683
0.05;369;-1.722;265.61417;202.91259
0.04;369.123;-1.722;265.61666;202.90683
0.05;369.123;-1.722;265.61666;202.90683
0.05;369.123;-1.722;265.61666;202.90683
0.04;369;-1.599;265.61417;202.91259
0.05;369;-1.722;265.61417;202.91259
0.04;369;-1.845;265.61417;202.91259
0.05;368.877;-1.722;265.61168;202.91835
0.05;369;-1.845;265.61417;202.91259
0.04;369;-1.845;265.61417;202.91259
0.05;368.877;-1.722;265.61168;202.91835
0.05;369;-1.722;265.61417;202.91259
0.04;369;-1.722;265.61417;202.91259
0.05;369;-1.722;265.61417;202.91259
0.05;369;-1.722;265.61417;202.91259
0.04;369;-1.845;265.61417;202.91259
0.05;369;-1.845;265.61417;202.91259
0.04;369.123;-1.968;265.61666;202.90683
0.05;369.123;-1.968;265.61666;202.90683
0.05;369.123;-1.968;265.61666;202.90683
0.04;369;-1.845;265.61417;202.91259
0.05;369;-1.845;265.61417;202.91259
0.05;369;-1.845;265.61417;202.91259
0.04;369;-1.845;265.61417;202.91259
0.05;369;-1.968;265.61417;202.91259
0.04;369.123;-2.091;265.61666;202.90683
0.05;369.123;-2.091;265.61666;202.90683
0.05;369.246;-2.337;265.61915;202.90107
0.04;369.123;-2.337;265.61666;202.90683
0.05;369.123;-2.46;265.61666;202.90683
0.04;369.123;-2.46;265.61666;202.90683
0.05;369.246;-2.583;265.61915;202.90107
0.05;369.123;-2.583;265.61666;202.90683
0.04;369.123;-2.583;265.61666;202.90683
0.05;369.123;-2.583;265.61666;202.90683
0.05;369.123;-2.706;265.61666;202.90683
0.04;369;-2.583;265.61417;202.91259
0.05;369;-2.706;265.61417;202.91259
0.05;369;-2.706;265.61417;202.91259
0.04;369;-2.829;265.61417;202.91259
0.05;368.877;-2.706;265.61168;202.91835
0.04;369;-2.952;265.61417;202.91259
0.05;369;-2.952;265.61417;202.91259
0.05;369.123;-2.952;265.61666;202.90683
0.04;369.123;-2.952;265.61666;202.90683
0.05;369.246;-3.075;265.61915;202.90107
0.05;369.123;-2.952;265.61666;202.90683
0.04;369.123;-2.952;265.61666;202.90683
0.05;369.123;-2.952;265.61666;202.90683
0.04;369;-2.829;265.61417;202.91259
0.05;368.877;-2.829;265.61168;202.91835
0.05;368.877;-2.829;265.61168;202.91835
0.04;369;-2.952;265.61417;202.91259
0.05;369;-2.952;265.61417;202.91259
0.05;369;-3.075;265.61417;202.91259
0.04;369.123;-3.198;265.61666;202.90683
0.05;369.123;-3.198;265.61666;202.90683
0.04;369.123;-3.198;265.61666;202.90683
0.05;369.123;-3.198;265.61666;202.90683
0.05;369;-2.952;265.61417;202.91259
0.04;369;-3.075;265.61417;202.91259
0.05;369.123;-3.198;265.61666;202.90683
0.05;369;-3.075;265.61417;202.91259
0.04;369;-2.952;265.61417;202.91259
0.05;369;-2.829;265.61417;202.91259
0.04;369;-2.829;265.61417;202.91259
0.05;369;-2.829;265.61417;202.91259
0.05;369;-2.829;265.61417;202.91259
0.04;369.123;-2.952;265.61666;202.90683
0.05;369;-2.829;265.61417;202.91259
0.05;369;-2.952;265.61417;202.91259
0.04;369;-2.952;265.61417;202.91259
0.05;368.877;-2.952;265.61168;202.91835
0.05;368.877;-2.952;265.61168;202.91835
0.04;368.754;-2.829;265.60919;202.92412
0.05;368.754;-2.829;265.60919;202.92412
0.05;368.877;-2.829;265.61168;202.91835
0.04;369;-2.952;265.61417;202.91259
0.05;369;-2.952;265.61417;202.91259
0.05;369.123;-3.075;265.61666;202.90683
0.04;369.123;-3.075;265.61666;202.90683
0.05;369.123;-3.075;265.61666;202.90683
0.04;369;-3.075;265.61417;202.91259
0.05;369;-3.075;265.61417;202.91259
0.05;369;-2.952;265.61417;202.91259
0.04;369;-2.952;265.61417;202.91259
0.05;369;-2.952;265.61417;202.91259
0.05;369.123;-3.075;265.61666;202.90683
0.04;369.123;-2.952;265.61666;202.90683
0.05;369;-2.829;265.61417;202.91259
0.04;369;-2.829;265.61417;202.91259
0.05;369;-2.829;265.61417;202.91259
0.05;369;-2.829;265.61417;202.91259
0.04;369;-2.829;265.61417;202.91259
0.05;369;-2.952;265.61417;202.91259
0.05;369;-2.952;265.61417;202.91259
0.04;369;-2.952;265.61417;202.91259
0.05;369;-3.075;265.61417;202.91259
0.04;369;-3.075;265.61417;202.91259
0.05;369.123;-3.198;265.61666;202.90683
0.05;369;-3.198;265.61417;202.91259
0.04;369;-3.321;265.61417;202.91259
0.05;369;-3.321;265.61417;202.91259
0.05;369;-3.444;265.61417;202.91259
0.04;368.877;-3.321;265.61168;202.91835
0.05;368.877;-3.444;265.61168;202.91835
0.04;368.877;-3.444;265.61168;202.91835
0.05;368.877;-3.321;265.61168;202.91835
0.05;369;-3.444;265.61417;202.91259
0.04;369;-3.321;265.61417;202.91259
0.05;369.123;-3.444;265.61666;202.90683
0.05;369.123;-3.444;265.61666;202.90683
0.04;369.123;-3.444;265.61666;202.90683
0.05;369.123;-3.444;265.61666;202.90683
0.04;369.123;-3.444;265.61666;202.90683
0.05;369;-3.444;265.61417;202.91259
0.05;368.877;-3.444;265.61168;202.91835
0.04;368.877;-3.444;265.61168;202.91835
0.05;368.877;-3.444;265.61168;202.91835
0.05;368.877;-3.321;265.61168;202.91835
0.04;368.877;-3.321;265.61168;202.91835
0.05;369;-3.321;265.61417;202.91259
0.04;369;-3.198;265.61417;202.91259
0.05;369.123;-3.321;265.61666;202.90683
0.05;369.246;-3.321;265.61915;202.90107
0.04;369.246;-3.444;265.61915;202.90107
0.05;369.246;-3.567;265.61915;202.90107
0.05;369.123;-3.444;265.61666;202.90683
0.05;369;-3.567;265.61417;202.91259
0.04;368.877;-3.567;265.61168;202.91835
0.05;368.877;-3.69;265.61168;202.91835
0.04;368.754;-3.567;265.60919;202.92412
0.05;368.754;-3.567;265.60919;202.92412
0.05;368.877;-3.69;265.61168;202.91835
0.04;368.877;-3.69;265.61168;202.91835
0.05;369;-3.813;265.61417;202.91259
0.05;369.123;-3.813;265.61666;202.90683
0.04;369.123;-3.813;265.61666;202.90683
0.05;369.123;-3.936;265.61666;202.90683
0.04;369;-3.69;265.61417;202.91259
0.05;369;-3.813;265.61417;202.91259
0.05;369.123;-3.936;265.61666;202.90683
0.04;369.123;-4.059;265.61666;202.90683
0.05;369.123;-4.305;265.61666;202.90683
0.05;369.123;-4.551;265.61666;202.90683
0.04;369.123;-4.797;265.61666;202.90683
0.05;369;-4.797;265.61417;202.91259
0.04;369;-4.797;265.61417;202.91259
0.05;369;-4.92;265.61417;202.91259
0.05;368.877;-4.92;265.61168;202.91835
0.04;368.877;-4.92;265.61168;202.91835
0.05;368.754;-4.797;265.60919;202.92412
0.05;368.754;-4.797;265.60919;202.92412
0.04;368.877;-4.92;265.61168;202.91835
0.05;368.877;-4.92;265.61168;202.91835
0.04;368.877;-4.797;265.61168;202.91835
0.05;369;-4.92;265.61417;202.91259
0.05;369.123;-5.043;265.61666;202.90683
0.04;369.123;-5.043;265.61666;202.90683
0.05;369.123;-5.166;265.61666;202.90683
0.05;369.123;-5.166;265.61666;202.90683
0.04;369;-5.166;265.61417;202.91259
0.05;369;-5.166;265.61417;202.91259
0.04;369;-5.166;265.61417;202.91259
0.05;369;-5.166;265.61417;202.91259
0.05;369.123;-5.289;265.61666;202.90683
0.04;369;-5.043;265.61417;202.91259
0.05;369;-5.043;265.61417;202.91259
0.05;369;-5.043;265.61417;202.91259
0.04;369;-4.92;265.61417;202.91259
0.05;369;-4.92;265.61417;202.91259
0.04;369;-5.043;265.61417;202.91259
0.05;369;-5.043;265.61417;202.91259
0.05;369;-5.043;265.61417;202.91259
0.04;369;-5.043;265.61417;202.91259
0.05;369;-5.043;265.61417;202.91259
0.05;369;-5.043;265.61417;202.91259
0.04;369.123;-5.166;265.61666;202.90683
0.05;369.123;-5.166;265.61666;202.90683
0.04;369;-5.043;265.61417;202.91259
0.05;369;-5.166;265.61417;202.91259
0.05;369;-5.166;265.61417;202.91259
0.04;368.877;-5.043;265.61168;202.91835
0.05;368.877;-5.043;265.61168;202.91835
0.05;368.754;-4.92;265.60919;202.92412
0.04;368.754;-4.797;265.60919;202.92412
0.05;368.877;-4.92;265.61168;202.91835
0.04;369;-4.92;265.61417;202.91259
0.05;369;-4.797;265.61417;202.91259
0.05;369.123;-4.92;265.61666;202.90683
0.04;369.123;-4.797;265.61666;202.90683
0.05;369.123;-4.674;265.61666;202.90683
0.05;369;-4.551;265.61417;202.91259
0.04;369;-4.551;265.61417;202.91259
0.05;369;-4.551;265.61417;202.91259
0.04;369;-4.428;265.61417;202.91259
0.05;369.123;-4.551;265.61666;202.90683
0.05;369;-4.428;265.61417;202.91259
0.04;368.877;-4.182;265.61168;202.91835
0.05;368.877;-4.059;265.61168;202.91835
0.05;368.877;-4.059;265.61168;202.91835
0.04;369;-4.182;265.61417;202.91259
0.05;369;-4.182;265.61417;202.91259
0.04;369.123;-4.182;265.61666;202.90683
0.05;369;-3.936;265.61417;202.91259
0.05;369;-3.936;265.61417;202.91259
0.04;369;-3.936;265.61417;202.91259
0.05;369;-3.936;265.61417;202.91259
0.05;369;-3.936;265.61417;202.91259
0.04;369;-3.936;265.61417;202.91259
0.05;369.123;-3.936;265.61666;202.90683
0.04;369.123;-3.936;265.61666;202.90683
0.05;369;-3.813;265.61417;202.91259
0.05;369;-3.936;265.61417;202.91259
0.05;369;-3.936;265.61417;202.91259
0.04;369;-3.936;265.61417;202.91259
0.05;369;-3.936;265.61417;202.91259
0.05;369.123;-4.182;265.61666;202.90683
0.04;369.123;-4.182;265.61666;202.90683
0.05;369.123;-4.182;265.61666;202.90683
0.04;369.123;-4.059;265.61666;202.90683
0.05;369.123;-4.182;265.61666;202.90683
0.05;369.123;-4.305;265.61666;202.90683
0.04;369.123;-4.305;265.61666;202.90683
0.05;369;-4.305;265.61417;202.91259
0.05;369;-4.428;265.61417;202.91259
0.04;368.877;-4.305;265.61168;202.91835
0.05;368.877;-4.428;265.61168;202.91835
0.04;368.877;-4.551;265.61168;202.91835
0.05;368.877;-4.674;265.61168;202.91835
0.05;368.877;-4.551;265.61168;202.91835
0.04;368.877;-4.551;265.61168;202.91835
0.05;369;-4.551;265.61417;202.91259
0.05;369;-4.428;265.61417;202.91259
0.04;369;-4.428;265.61417;202.91259
0.05;369;-4.305;265.61417;202.91259
0.05;369;-4.305;265.61417;202.91259
0.04;369;-4.305;265.61417;202.91259
0.05;369.123;-4.305;265.61666;202.90683
0.04;369.123;-4.305;265.61666;202.90683
0.05;368.877;-4.428;265.61168;202.91835
0.05;365.679;-4.797;265.54686;203.06856
0.04;364.941;-7.872;265.53187;203.10334
0.05;361.989;-10.824;265.47182;203.2429
0.04;358.299;-10.332;265.39647;203.41842
0.05;354.855;-13.161;265.32582;203.58335
0.04;351.534;-16.851;265.25737;203.74349
0.05;347.598;-19.065;265.17577;203.93474
0.05;344.154;-22.017;265.10392;204.10346
0.04;340.218;-25.707;265.02124;204.29794
0.05;336.159;-31.365;264.93528;204.50044
0.04;330.747;-30.012;264.81946;204.77368
0.05;327.057;-35.424;264.73963;204.96223
0.05;320.907;-36.408;264.60491;205.28076
0.04;317.586;-42.804;264.53122;205.45509
0.05;310.329;-42.804;264.3677;205.84207
0.05;306.516;-46.248;264.28032;206.04886
0.04;300.612;-49.2;264.14288;206.37403
0.05;297.045;-52.767;264.05852;206.57352
0.04;289.911;-51.783;263.8866;206.9797
0.05;286.713;-54.858;263.80808;207.16502
0.05;280.317;-54.366;263.64818;207.54192
0.04;276.627;-59.655;263.55412;207.7633
0.05;269.862;-56.826;263.37805;208.17694
0.05;266.172;-60.393;263.27996;208.40694
0.04;259.776;-60.762;263.10631;208.81323
0.05;256.086;-63.591;263.00397;209.05215
0.04;252.888;-67.404;262.91395;209.26196
0.05;246.984;-64.575;262.74442;209.65621
0.05;243.54;-67.896;262.64347;209.89043
0.04;237.759;-65.805;262.47047;210.2908
0.05;233.946;-67.527;262.35386;210.55995
0.05;230.994;-70.356;262.26218;210.77117
0.04;224.352;-67.035;262.05129;211.25567
0.05;221.154;-67.404;261.94741;211.49363
0.04;218.079;-70.356;261.84605;211.72538
0.05;211.929;-67.65;261.6389;212.19769
0.05;208.977;-68.142;261.53731;212.42866
0.04;204.795;-67.527;261.39095;212.7607
0.05;201.351;-68.511;261.26821;213.03847
0.05;197.907;-68.265;261.14345;213.32022
0.04;194.709;-68.265;261.02575;213.58545
0.05;190.773;-64.944;260.8784;213.91675
0.04;188.067;-65.928;260.77547;214.14767
0.05;184.377;-66.42;260.63295;214.46677
0.05;180.564;-65.805;260.48302;214.80168
0.04;177.243;-65.559;260.35017;215.09772
0.05;174.291;-63.099;260.2303;215.36432
0.05;170.847;-63.345;260.08829;215.6795
0.04;168.018;-61.131;259.96988;215.9418
0.04;164.697;-61.623;259.82881;216.25366
0.05;161.499;-59.163;259.69083;216.55806
0.05;161.13;-62.484;259.67477;216.59344
0.04;157.44;-59.532;259.51263;216.95026
0.05;153.996;-59.778;259.35871;217.28824
0.05;153.381;-59.778;259.33096;217.34911
0.04;149.814;-59.655;259.16837;217.70518
0.05;146.124;-56.334;258.99726;218.07908
0.04;145.632;-56.334;258.97422;218.12937
0.05;142.557;-55.842;258.82898;218.44597
0.05;138.867;-53.013;258.65187;218.83122
0.04;138.375;-55.35;258.62803;218.88303
0.05;135.423;-53.013;258.48377;219.1961
0.05;134.562;-52.767;258.44132;219.28812
0.04;131.364;-52.398;258.28212;219.63279
0.04;130.749;-52.275;258.25122;219.69959
0.05;127.797;-50.307;258.1017;220.02258
0.05;124.353;-49.692;257.92463;220.40436
0.04;124.107;-49.569;257.91187;220.43183
0.05;120.909;-46.986;257.74468;220.79153
0.05;120.417;-49.323;257.71874;220.84728
0.04;116.604;-45.633;257.51565;221.28316
0.05;116.235;-45.879;257.49581;221.32571
0.04;113.406;-43.542;257.34253;221.65397
0.05;113.037;-43.911;257.32239;221.69707
0.05;109.839;-41.451;257.14639;222.07326
0.04;109.593;-42.066;257.13274;222.1024
0.05;108.855;-42.066;257.09171;222.18999
0.04;107.994;-41.943;257.04366;222.29251
0.05;104.919;-41.82;256.87051;222.66156
0.04;104.304;-41.205;256.83558;222.73592
0.05;100.614;-37.884;256.62396;223.18594
0.05;100.614;-38.13;256.62396;223.18594
0.04;99.999;-38.007;256.58834;223.26159
0.05;96.924;-35.424;256.40873;223.64266
0.04;96.678;-35.67;256.39426;223.67334
0.05;96.186;-35.67;256.36525;223.73481
0.04;95.448;-35.424;256.32163;223.82723
0.05;91.635;-32.103;256.09389;224.3091
0.05;91.389;-32.595;256.07906;224.34044
0.04;91.02;-32.718;256.05679;224.38751
0.05;90.282;-32.472;256.01213;224.48185
0.05;89.544;-32.103;255.96732;224.57647
0.04;85.854;-28.905;255.74104;225.05373
0.05;85.731;-29.274;255.73343;225.06975
0.04;85.608;-29.766;255.72582;225.08579
0.05;84.87;-29.52;255.68006;225.18217
0.04;82.287;-27.429;255.5187;225.52173
0.05;82.164;-27.798;255.51097;225.53798
0.05;81.918;-27.921;255.4955;225.57052
0.04;81.18;-27.798;255.44898;225.66831
0.05;80.442;-27.183;255.4023;225.76639
0.04;77.736;-24.969;255.22984;226.12845
0.05;77.736;-25.338;255.22984;226.12845
0.04;77.244;-24.969;255.19826;226.19469
0.05;77.121;-25.215;255.19036;226.21127
0.05;74.415;-22.755;255.01533;226.57807
0.04;74.292;-22.878;255.00733;226.59483
0.05;74.292;-23.247;255.00733;226.59483
0.04;73.8;-23.124;254.97526;226.66197
0.05;73.185;-22.878;254.93508;226.74608
0.05;72.693;-22.509;254.90285;226.81351
0.04;72.078;-22.017;254.86248;226.89798
0.05;71.34;-21.648;254.81388;226.99961
0.04;70.848;-21.648;254.78139;227.06753
0.05;70.233;-21.156;254.74068;227.15261
0.04;69.495;-20.541;254.69169;227.25497
0.05;68.88;-20.295;254.65073;227.3405
0.05;68.388;-19.926;254.61789;227.40907
0.04;67.773;-19.311;254.57674;227.49497
0.05;67.281;-19.188;254.54374;227.56383
0.05;66.543;-18.573;254.4941;227.66738
0.04;66.174;-18.573;254.46923;227.71926
0.04;65.559;-17.958;254.42767;227.8059
0.05;64.944;-17.466;254.38601;227.89274
0.05;64.575;-17.22;254.36096;227.94495
0.04;64.083;-17.097;254.32749;228.01467
0.05;63.468;-16.605;254.28555;228.10201
0.05;63.099;-16.359;254.26034;228.15451
0.04;62.607;-15.867;254.22665;228.22463
0.05;62.238;-15.621;254.20134;228.27731
0.04;61.746;-15.129;254.16753;228.34767
0.05;61.377;-14.76;254.14213;228.40052
0.04;60.885;-14.76;254.10819;228.47111
0.05;60.27;-14.145;254.06567;228.55953
0.05;60.024;-14.022;254.04863;228.59496
0.04;59.655;-13.776;254.02303;228.64817
0.05;59.409;-13.53;254.00594;228.68368
0.04;59.163;-13.53;253.98884;228.71922
0.05;58.671;-13.284;253.95457;228.79042
0.04;58.302;-12.669;253.92882;228.8439
0.05;57.933;-12.177;253.90304;228.89746
0.05;57.564;-12.177;253.87721;228.95109
0.04;57.318;-12.054;253.85996;228.98689
0.05;56.703;-11.562;253.81677;229.07653
0.04;56.457;-11.439;253.79947;229.11245
0.05;56.334;-11.193;253.79081;229.13042
0.05;56.088;-11.07;253.77347;229.16639
0.04;55.719;-10.947;253.74743;229.2204
0.05;55.473;-10.701;253.73005;229.25646
0.04;55.104;-10.086;253.70395;229.3106
0.05;54.858;-9.84;253.68652;229.34674
0.04;54.612;-9.717;253.66907;229.38291
0.05;54.366;-9.594;253.65161;229.41911
0.04;54.12;-9.348;253.63413;229.45535
0.05;53.751;-9.225;253.60787;229.50978
0.05;53.505;-8.979;253.59034;229.5461
0.04;53.259;-8.856;253.57279;229.58246
0.05;53.136;-8.733;253.56401;229.60065
0.04;52.89;-8.487;253.54643;229.63706
0.05;52.767;-8.487;253.53764;229.65528
0.04;52.275;-7.995;253.50241;229.72824
0.05;52.029;-7.872;253.48477;229.76477
0.05;51.783;-7.626;253.46711;229.80133
0.04;51.537;-7.38;253.44943;229.83793
0.05;51.414;-7.257;253.44058;229.85625
0.04;51.045;-7.011;253.41402;229.91123
0.05;51.045;-7.011;253.41402;229.91123
0.04;50.922;-6.888;253.40515;229.92958
0.05;50.676;-6.642;253.38741;229.9663
0.05;50.43;-6.396;253.36964;230.00305
0.04;50.184;-6.027;253.35186;230.03984
0.05;49.815;-5.658;253.32515;230.09509
0.04;49.815;-5.781;253.32515;230.09509
0.05;49.692;-5.781;253.31624;230.11352
0.04;49.569;-5.904;253.30732;230.13196
0.05;49.446;-5.781;253.2984;230.15041
0.04;49.2;-5.658;253.28055;230.18734
0.05;49.077;-5.412;253.27161;230.20582
0.05;48.708;-5.289;253.24478;230.2613
0.04;48.708;-5.412;253.24478;230.2613
0.05;48.708;-5.289;253.24478;230.2613
0.04;48.462;-5.043;253.22686;230.29833
0.05;48.462;-4.92;253.22686;230.29833
0.04;48.339;-4.92;253.2179;230.31685
0.05;48.216;-4.674;253.20893;230.33539
0.05;47.97;-4.551;253.19098;230.37249
0.04;47.847;-4.428;253.18199;230.39105
0.05;47.847;-4.428;253.18199;230.39105
0.04;47.724;-4.305;253.17301;230.40962
0.05;47.601;-4.182;253.16401;230.4282
0.04;47.478;-3.936;253.15502;230.44679
0.05;47.355;-3.936;253.14602;230.46539
0.05;47.109;-3.69;253.128;230.50261
0.04;47.109;-3.813;253.128;230.50261
0.05;47.109;-4.182;253.128;230.50261
0.04;46.986;-3.813;253.11898;230.52123
0.05;46.863;-3.69;253.10996;230.53987
0.04;46.863;-3.69;253.10996;230.53987
0.05;46.74;-3.813;253.10094;230.55851
0.05;46.494;-3.567;253.08287;230.59581
0.04;46.494;-3.567;253.08287;230.59581
0.05;46.248;-3.321;253.06479;230.63316
0.04;46.248;-3.444;253.06479;230.63316
0.05;46.248;-3.444;253.06479;230.63316
0.04;46.125;-3.198;253.05574;230.65184
0.05;46.125;-2.952;253.05574;230.65184
0.05;46.125;-3.198;253.05574;230.65184
0.04;46.125;-3.198;253.05574;230.65184
0.05;46.125;-3.198;253.05574;230.65184
0.04;45.756;-2.829;253.02856;230.70795
0.05;45.756;-2.829;253.02856;230.70795
0.04;45.756;-2.829;253.02856;230.70795
0.05;45.633;-2.829;253.01949;230.72666
0.05;45.387;-2.583;253.00134;230.76413
0.04;45.633;-2.706;253.01949;230.72666
0.05;45.51;-2.706;253.01042;230.74539
0.04;45.51;-2.706;253.01042;230.74539
0.05;45.387;-2.706;253.00134;230.76413
0.04;45.387;-2.583;253.00134;230.76413
0.05;45.264;-2.46;252.99226;230.78287
0.05;45.141;-2.337;252.98317;230.80163
0.04;45.141;-2.337;252.98317;230.80163
0.05;45.018;-2.091;252.97408;230.82039
0.04;44.895;-2.091;252.96498;230.83916
0.05;44.895;-2.214;252.96498;230.83916
0.04;44.895;-2.337;252.96498;230.83916
0.05;44.772;-2.091;252.95588;230.85794
0.05;44.895;-2.214;252.96498;230.83916
0.04;44.772;-2.091;252.95588;230.85794
0.05;44.649;-1.968;252.94678;230.87673
0.04;44.895;-2.091;252.96498;230.83916
0.05;44.772;-1.968;252.95588;230.85794
0.04;44.772;-2.091;252.95588;230.85794
0.05;44.649;-1.968;252.94678;230.87673
0.05;44.403;-1.722;252.92855;230.91434
0.04;44.649;-2.091;252.94678;230.87673
0.05;44.649;-1.968;252.94678;230.87673
0.04;44.649;-1.968;252.94678;230.87673
0.05;44.403;-1.845;252.92855;230.91434
0.04;44.28;-1.722;252.91943;230.93315
0.05;44.28;-1.722;252.91943;230.93315
0.04;44.28;-1.722;252.91943;230.93315
0.05;44.157;-1.599;252.9103;230.95198
0.05;44.28;-1.722;252.91943;230.93315
0.04;44.28;-1.722;252.91943;230.93315
0.05;44.157;-1.722;252.9103;230.95198
0.04;43.911;-1.599;252.89204;230.98965
0.05;43.911;-1.476;252.89204;230.98965
0.04;44.034;-1.599;252.90117;230.97081
0.05;43.911;-1.599;252.89204;230.98965
0.05;43.788;-1.353;252.8829;231.0085
0.04;43.665;-1.353;252.87375;231.02736
0.05;43.665;-1.353;252.87375;231.02736
0.04;43.788;-1.476;252.8829;231.0085
0.05;43.911;-1.599;252.89204;230.98965
0.04;43.788;-1.353;252.8829;231.0085
0.05;43.788;-1.353;252.8829;231.0085
0.05;43.665;-1.107;252.87375;231.02736
0.04;43.542;-1.107;252.8646;231.04623
0.05;43.542;-1.107;252.8646;231.04623
0.04;43.542;-1.23;252.8646;231.04623
0.05;43.419;-0.984;252.85545;231.0651
0.04;43.419;-0.984;252.85545;231.0651
0.05;43.419;-0.984;252.85545;231.0651
0.05;43.419;-1.107;252.85545;231.0651
0.04;43.542;-1.23;252.8646;231.04623
0.05;43.419;-1.353;252.85545;231.0651
0.04;43.665;-1.353;252.87375;231.02736
0.05;43.542;-1.23;252.8646;231.04623
0.04;43.665;-1.353;252.87375;231.02736
0.05;43.542;-1.23;252.8646;231.04623
0.05;43.419;-1.353;252.85545;231.0651
0.04;43.296;-1.23;252.84629;231.08399
0.04;43.296;-1.23;252.84629;231.08399
0.05;43.296;-0.984;252.84629;231.08399
0.05;43.05;-0.738;252.82796;231.12179
0.04;43.296;-1.23;252.84629;231.08399
0.05;43.05;-0.984;252.82796;231.12179
0.04;43.296;-0.984;252.84629;231.08399
0.05;43.296;-0.984;252.84629;231.08399
0.04;43.296;-0.984;252.84629;231.08399
0.05;43.296;-0.984;252.84629;231.08399
0.05;43.05;-0.738;252.82796;231.12179
0.04;43.05;-0.984;252.82796;231.12179
0.05;43.296;-1.23;252.84629;231.08399
0.04;43.05;-1.107;252.82796;231.12179
0.05;43.05;-1.107;252.82796;231.12179
0.04;42.927;-1.107;252.81878;231.1407
0.05;42.927;-0.984;252.81878;231.1407
0.05;42.927;-0.984;252.81878;231.1407
0.04;42.927;-0.861;252.81878;231.1407
0.05;43.05;-1.107;252.82796;231.12179
0.04;42.927;-0.861;252.81878;231.1407
0.05;43.05;-0.984;252.82796;231.12179
0.04;42.927;-0.861;252.81878;231.1407
0.05;42.927;-0.615;252.81878;231.1407
0.05;43.05;-0.984;252.82796;231.12179
0.04;43.05;-1.107;252.82796;231.12179
0.04;43.05;-0.984;252.82796;231.12179
0.05;42.927;-0.615;252.81878;231.1407
0.05;42.927;-0.861;252.81878;231.1407
0.04;42.927;-0.984;252.81878;231.1407
0.05;42.927;-0.984;252.81878;231.1407
0.05;42.927;-0.984;252.81878;231.1407
0.04;42.927;-1.107;252.81878;231.1407
0.04;42.927;-0.984;252.81878;231.1407
0.05;42.804;-0.984;252.80961;231.15962
0.05;42.804;-0.861;252.80961;231.15962
0.04;42.927;-1.107;252.81878;231.1407
0.05;42.804;-0.984;252.80961;231.15962
0.05;42.804;-0.861;252.80961;231.15962
0.04;42.681;-0.369;252.80042;231.17855
0.04;42.681;-0.615;252.80042;231.17855
0.05;42.804;-0.861;252.80961;231.15962
0.05;42.804;-0.738;252.80961;231.15962
0.04;42.804;-0.861;252.80961;231.15962
0.05;42.927;-1.107;252.81878;231.1407
0.04;42.804;-1.107;252.80961;231.15962
0.05;42.927;-1.23;252.81878;231.1407
0.04;42.681;-0.984;252.80042;231.17855
0.05;42.681;-0.984;252.80042;231.17855
0.05;42.681;-0.861;252.80042;231.17855
0.04;42.558;-0.861;252.79123;231.19749
0.05;42.435;-0.615;252.78204;231.21643
0.04;42.435;-0.492;252.78204;231.21643
