Time,Intensity
1.38005E-4,1165
4.71171E-4,1334
8.04373E-4,1689
0.00114,1803
0.00147,1382
0.0018,1190
0.00214,1271
0.00247,1353
0.0028,1938
0.00314,1782
0.00347,1472
0.0038,1437
0.00414,1543
0.00447,1408
0.0048,1362
0.00514,1602
0.00547,1868
0.0058,1922
0.00614,1372
0.00647,1393
0.0068,1450
0.00714,2006
0.00747,1985
0.0078,1899
0.00814,1698
0.00847,1811
0.0088,2117
0.00914,2265
0.00947,1710
0.0098,1846
0.01014,1939
0.01047,2219
0.0108,2368
0.01114,1968
0.01147,2132
0.0118,2145
0.01214,2531
0.01247,2997
0.0128,2436
0.01314,2250
0.01347,2419
0.0138,2277
0.01414,2545
0.01447,2459
0.0148,2733
0.01514,2810
0.01547,2881
0.0158,2629
0.01614,2443
0.01647,2482
0.0168,2361
0.01714,3006
0.01747,2859
0.0178,2567
0.01814,2610
0.01847,2541
0.0188,2886
0.01914,2990
0.01947,2766
0.0198,2727
0.02014,2942
0.02047,3918
0.0208,5830
0.02114,6528
0.02147,7063
0.0218,8156
0.02214,14702
0.02247,47540
0.0228,93108
0.02314,136111
0.02347,173660
0.0238,199549
0.02414,218154
0.02447,230931
0.0248,240290
0.02514,248059
0.02547,254725
0.0258,258977
0.02614,263868
0.02647,268350
0.0268,271623
0.02714,273586
0.02747,277537
0.0278,278857
0.02814,280844
0.02847,285004
0.0288,285294
0.02914,286758
0.02947,288723
0.0298,290404
0.03014,291162
0.03047,293065
0.0308,292855
0.03114,294790
0.03147,297751
0.0318,298140
0.03214,299055
0.03247,300059
0.0328,301762
0.03314,303317
0.03347,303135
0.0338,303709
0.03414,304266
0.03447,306230
0.0348,306733
0.03514,308184
0.03547,308339
0.0358,308391
0.03614,309228
0.03647,310063
0.0368,311389
0.03714,310091
0.03747,312440
0.0378,312391
0.03814,312587
0.03847,313487
0.0388,312707
0.03914,313341
0.03947,314965
0.0398,315233
0.04014,315813
0.04047,316633
0.0408,316323
0.04114,316515
0.04147,316898
0.0418,317157
0.04214,317272
0.04247,317682
0.0428,318516
0.04314,319105
0.04347,319685
0.0438,320540
0.04414,319207
0.04447,320331
0.0448,321028
0.04514,320903
0.04547,321611
0.0458,321006
0.04614,322404
0.04647,321841
0.0468,323038
0.04714,322136
0.04747,322627
0.0478,324388
0.04814,322950
0.04847,323139
0.0488,324412
0.04914,323888
0.04947,324906
0.0498,325100
0.05014,323334
0.05047,324537
0.0508,325220
0.05114,324786
0.05147,324939
0.0518,325794
0.05214,324965
0.05247,325619
0.0528,326737
0.05314,326577
0.05347,326097
0.0538,326219
0.05414,326982
0.05447,326822
0.0548,326061
0.05514,326857
0.05547,327036
0.0558,328149
0.05614,327761
0.05647,326983
0.0568,327875
0.05714,327506
0.05747,328670
0.0578,328103
0.05814,327510
0.05847,328001
0.0588,327244
0.05914,328611
0.05947,328903
0.0598,328701
0.06014,328458
0.06047,328255
0.0608,328884
0.06114,329677
0.06147,328278
0.0618,329518
0.06214,329456
0.06247,329502
0.0628,329933
0.06314,330377
0.06347,329410
0.0638,329405
0.06414,328917
0.06447,330426
0.0648,329635
0.06514,330182
0.06547,330472
0.0658,330220
0.06614,330572
0.06647,328771
0.0668,329478
0.06714,330889
0.06747,330211
0.0678,331164
0.06814,330946
0.06847,331204
0.0688,331257
0.06914,331421
0.06947,330657
0.0698,330987
0.07014,331570
0.07047,332067
0.0708,332086
0.07114,332615
0.07147,332150
0.0718,332562
0.07214,331987
0.07247,332525
0.0728,333292
0.07314,332820
0.07347,332744
0.0738,332146
0.07414,332532
0.07447,333282
0.0748,333032
0.07514,333586
0.07547,333588
0.0758,333162
0.07614,333402
0.07647,333117
0.0768,333432
0.07714,332998
0.07747,333013
0.0778,331897
0.07814,333835
0.07847,333942
0.0788,333977
0.07914,334493
0.07947,334069
0.0798,334263
0.08014,333852
0.08047,334234
0.0808,334797
0.08114,334678
0.08147,334249
0.0818,334985
0.08214,334184
0.08247,333947
0.0828,333566
0.08314,335046
0.08347,333678
0.0838,335031
0.08414,335168
0.08447,334686
0.0848,334792
0.08514,333519
0.08547,333827
0.0858,335352
0.08614,334239
0.08647,335109
0.0868,335110
0.08714,334447
0.08747,336271
0.0878,336308
0.08814,336273
0.08847,336152
0.0888,336463
0.08914,336173
0.08947,337295
0.0898,336816
0.09014,336006
0.09047,337526
0.0908,336990
0.09114,338026
0.09147,338064
0.0918,337005
0.09214,337550
0.09247,338237
0.0928,336877
0.09314,336466
0.09347,336028
0.0938,336620
0.09414,336485
0.09447,337481
0.0948,336489
0.09514,337115
0.09547,337310
0.0958,336624
0.09614,336876
0.09647,335467
0.0968,333623
0.09714,331791
0.09747,319045
0.0978,337042
0.09814,583251
0.09847,507570
0.0988,269318
0.09914,99232
0.09947,35978
0.0998,21362
0.10014,17347
0.10047,15292
0.1008,13737
0.10114,13050
0.10147,12864
0.1018,13423
0.10214,12159
0.10247,10546
0.1028,10977
0.10314,11099
0.10347,11370
0.1038,10998
0.10414,10525
0.10447,10311
0.1048,9951
0.10514,9741
0.10547,9976
0.1058,9792
0.10614,10107
0.10647,10680
0.1068,10739
0.10714,10445
0.10747,9442
0.1078,9210
0.10814,9510
0.10847,10703
0.1088,15067
0.10914,23832
0.10947,34397
0.1098,38866
0.11014,35419
0.11047,25702
0.1108,17554
0.11114,13117
0.11147,10818
0.1118,9879
0.11214,10388
0.11247,10552
0.1128,14457
0.11314,17603
0.11347,20219
0.1138,19544
0.11414,15709
0.11447,12386
0.1148,10154
0.11514,9454
0.11547,8578
0.1158,8280
0.11614,7594
0.11647,7871
0.1168,8381
0.11714,8470
0.11747,8076
0.1178,7784
0.11814,8064
0.11847,7890
0.1188,7699
0.11914,7853
0.11947,7283
0.1198,7536
0.12014,7694
0.12047,8169
0.1208,7864
0.12114,7623
0.12147,7736
0.1218,7955
0.12214,7883
0.12247,7684
0.1228,8167
0.12314,7296
0.12347,6471
0.1238,6911
0.12414,6737
0.12447,6815
0.1248,7112
0.12514,7504
0.12547,7363
0.1258,6751
0.12614,6686
0.12647,6479
0.1268,6795
0.12714,6553
0.12747,6679
0.1278,6644
0.12814,6876
0.12847,7941
0.1288,6687
0.12914,6096
0.12947,6799
0.1298,6484
0.13014,6223
0.13047,6376
0.1308,7060
0.13114,6728
0.13147,6587
0.1318,6204
0.13214,6416
0.13247,6863
0.1328,6528
0.13314,6351
0.13347,5844
0.1338,6041
0.13414,6481
0.13447,6994
0.1348,6827
0.13514,5971
0.13547,6081
0.1358,5867
0.13614,7195
0.13647,6092
0.1368,6124
0.13714,6149
0.13747,6441
0.1378,6626
0.13814,6432
0.13847,5644
0.1388,5916
0.13914,6120
0.13947,5890
0.1398,6426
0.14014,7157
0.14047,7188
0.1408,6942
0.14114,8258
0.14147,8379
0.1418,8351
0.14214,9478
0.14247,8748
0.1428,8774
0.14314,8167
0.14347,7905
0.1438,7911
0.14414,7442
0.14447,6539
0.1448,6490
0.14514,6424
0.14547,7415
0.1458,6575
0.14614,5891
0.14647,5925
0.1468,5853
0.14714,5939
0.14747,6717
0.1478,6404
0.14814,6155
0.14847,5897
0.1488,5449
0.14914,5798
0.14947,5860
0.1498,5704
0.15014,5995
0.15047,6383
0.1508,5791
0.15114,5775
0.15147,5714
0.1518,5909
0.15214,5948
0.15247,5946
0.1528,5677
0.15314,5547
0.15347,5445
0.1538,6054
0.15414,5700
0.15447,5179
0.1548,5376
0.15514,5877
0.15547,6283
0.1558,5484
0.15614,5580
0.15647,5629
0.1568,5054
0.15714,6385
0.15747,5787
0.1578,5378
0.15814,5310
0.15847,5339
0.1588,5978
0.15914,6224
0.15947,6388
0.1598,6362
0.16014,5457
0.16047,5489
0.1608,5171
0.16114,5879
0.16147,6140
0.1618,5825
0.16214,5737
0.16247,5745
0.1628,5860
0.16314,6390
0.16347,5743
0.1638,5717
0.16414,5541
0.16447,6292
0.1648,7345
0.16514,7252
0.16547,8306
0.1658,9667
0.16614,11102
0.16647,14317
0.1668,14947
0.16714,16615
0.16747,17145
0.1678,17500
0.16814,17453
0.16847,17008
0.1688,15754
0.16914,13819
0.16947,13306
0.1698,11998
0.17014,10149
0.17047,9557
0.1708,8428
0.17114,7805
0.17147,8438
0.1718,6789
0.17214,6466
0.17247,6394
0.1728,6677
0.17314,6970
0.17347,6003
0.1738,6292
0.17414,5964
0.17447,6111
0.1748,6536
0.17514,5712
0.17547,6568
0.1758,6153
0.17614,6129
0.17647,7011
0.1768,5392
0.17714,5678
0.17747,5373
0.1778,5509
0.17814,5260
0.17847,6274
0.1788,6099
0.17914,5748
0.17947,5163
0.1798,5147
0.18014,5562
0.18047,6231
0.1808,6406
0.18114,6127
0.18147,6723
0.1818,6296
0.18214,6628
0.18247,7518
0.1828,7380
0.18314,7724
0.18347,7961
0.1838,8301
0.18414,7623
0.18447,7378
0.1848,6986
0.18514,6399
0.18547,5895
0.1858,6445
0.18614,6658
0.18647,6504
0.1868,5402
0.18714,5579
0.18747,5599
0.1878,5416
0.18814,5119
0.18847,5341
0.1888,5489
0.18914,6135
0.18947,4921
0.1898,5079
0.19014,5153
0.19047,5615
0.1908,5951
0.19114,5212
0.19147,5496
0.1918,5755
0.19214,5332
0.19247,6453
0.1928,5144
0.19314,5610
0.19347,5190
0.1938,5773
0.19414,5777
0.19447,4866
0.1948,5380
0.19514,4936
0.19547,5775
0.1958,6026
0.19614,4986
0.19647,5570
0.1968,5184
0.19714,5307
0.19747,5769
0.1978,5431
0.19814,4989
0.19847,4596
0.1988,4943
0.19914,5019
0.19947,5195
0.1998,4878
0.20014,5125
0.20047,5612
0.2008,5379
0.20114,5291
0.20147,5090
0.2018,5396
0.20214,4591
0.20247,5531
0.2028,5882
0.20314,5287
0.20347,4866
0.2038,4547
0.20414,4857
0.20447,4960
0.2048,4996
0.20514,5121
0.20547,5536
0.2058,5535
0.20614,5389
0.20647,5086
0.2068,5162
0.20714,4977
0.20747,4902
0.2078,4898
0.20814,5343
0.20847,5869
0.2088,4667
0.20914,5306
0.20947,4853
0.2098,5289
0.21014,5623
0.21047,5043
0.2108,5197
0.21114,5356
0.21147,5364
0.2118,6024
0.21214,4948
0.21247,5573
0.2128,5071
0.21314,5825
0.21347,5549
0.2138,4977
0.21414,5337
0.21447,5151
0.2148,5394
0.21514,5782
0.21547,4959
0.2158,5223
0.21614,4688
0.21647,5382
0.2168,6215
0.21714,5215
0.21747,4975
0.2178,4891
0.21814,5481
0.21847,5874
0.2188,4841
0.21914,4972
0.21947,5257
0.2198,4983
0.22014,6288
0.22047,5154
0.2208,5326
0.22114,5427
0.22147,4955
0.2218,6010
0.22214,5034
0.22247,4945
0.2228,4790
0.22314,5246
0.22347,4939
0.2238,5566
0.22414,5581
0.22447,5476
0.2248,5138
0.22514,5308
0.22547,4918
0.2258,4828
0.22614,4764
0.22647,5292
0.2268,5998
0.22714,5495
0.22747,5346
0.2278,5077
0.22814,5062
0.22847,4679
0.2288,5456
0.22914,5625
0.22947,5574
0.2298,5191
0.23014,5108
0.23047,5157
0.2308,5684
0.23114,5795
0.23147,5100
0.2318,5022
0.23214,4769
0.23247,5158
0.2328,5998
0.23314,5291
0.23347,4840
0.2338,4673
0.23414,5364
0.23447,6044
0.2348,4847
0.23514,4800
0.23547,5096
0.2358,5403
0.23614,5864
0.23647,5183
0.2368,5150
0.23714,4523
0.23747,4899
0.2378,5134
0.23814,5016
0.23847,5773
0.2388,5869
0.23914,5509
0.23947,5174
0.2398,4961
0.24014,4798
0.24047,4762
0.2408,4939
0.24114,4869
0.24147,5888
0.2418,6022
0.24214,5505
0.24247,4850
0.2428,5151
0.24314,5190
0.24347,5209
0.2438,5769
0.24414,7457
0.24447,10379
0.2448,12152
0.24514,15923
0.24547,19147
0.2458,23150
0.24614,24161
0.24647,23746
0.2468,21631
0.24714,18772
0.24747,15815
0.2478,13384
0.24814,10946
0.24847,9304
0.2488,8316
0.24914,7127
0.24947,6259
0.2498,5556
0.25014,6529
0.25047,5979
0.2508,5959
0.25114,5223
0.25147,5450
0.2518,5836
0.25214,6014
0.25247,5117
0.2528,4671
0.25314,4903
0.25347,5418
0.2538,5513
0.25414,5088
0.25447,4989
0.2548,4646
0.25514,5149
0.25547,5283
0.2558,5953
0.25614,4951
0.25647,4941
0.2568,4617
0.25714,5096
0.25747,5199
0.2578,5143
0.25814,4754
0.25847,4822
0.2588,5505
0.25914,5592
0.25947,4930
0.2598,5087
0.26014,4943
0.26047,5699
0.2608,5597
0.26114,5295
0.26147,4880
0.2618,4755
0.26214,4913
0.26247,4818
0.2628,4696
0.26314,5192
0.26347,5661
0.2638,5158
0.26414,4691
0.26447,4975
0.2648,4878
0.26514,5732
0.26547,5182
0.2658,4804
0.26614,4805
0.26647,5037
0.2668,4855
0.26714,4613
0.26747,5340
0.2678,5292
0.26814,5337
0.26847,4612
0.2688,4632
0.26914,4938
0.26947,5538
0.2698,5171
0.27014,4640
0.27047,4608
0.2708,4522
0.27114,5482
0.27147,5451
0.2718,4917
0.27214,4537
0.27247,4777
0.2728,5322
0.27314,5570
0.27347,4707
0.2738,4640
0.27414,4724
0.27447,5816
0.2748,6410
0.27514,6418
0.27547,6321
0.2758,6876
0.27614,6288
0.27647,6365
0.2768,7051
0.27714,6927
0.27747,6260
0.2778,5591
0.27814,5930
0.27847,5293
0.2788,5479
0.27914,5154
0.27947,6028
0.2798,6187
0.28014,5312
0.28047,5410
0.2808,5338
0.28114,5211
0.28147,5438
0.2818,5571
0.28214,5735
0.28247,6188
0.2828,6408
0.28314,5870
0.28347,4774
0.2838,5849
0.28414,5170
0.28447,5127
0.2848,6021
0.28514,5618
0.28547,5046
0.2858,5187
0.28614,5037
0.28647,5747
0.2868,5885
0.28714,5591
0.28747,4921
0.2878,5312
0.28814,4873
0.28847,5700
0.2888,6298
0.28914,5259
0.28947,4986
0.2898,5075
0.29014,5922
0.29047,5612
0.2908,5455
0.29114,5132
0.29147,5119
0.2918,5976
0.29214,6335
0.29247,5980
0.2928,6288
0.29314,6535
0.29347,6052
0.2938,6853
0.29414,6447
0.29447,7177
0.2948,6239
0.29514,5603
0.29547,5616
0.2958,4940
0.29614,5418
0.29647,6080
0.2968,6003
0.29714,5709
0.29747,5024
0.2978,5426
0.29814,5941
0.29847,5509
0.2988,5378
0.29914,5292
0.29947,5352
0.2998,5934
0.30014,5616
0.30047,5129
0.3008,5099
0.30114,5135
0.30147,6042
0.3018,7856
0.30214,11226
0.30247,15982
0.3028,23009
0.30314,30575
0.30347,34152
0.3038,37464
0.30414,34391
0.30447,29807
0.3048,23848
0.30514,17255
0.30547,12664
0.3058,10313
0.30614,8254
0.30647,7670
0.3068,6308
0.30714,5569
0.30747,5725
0.3078,5655
0.30814,5891
0.30847,5543
0.3088,5296
0.30914,5209
0.30947,5424
0.3098,5463
0.31014,4928
0.31047,4756
0.3108,4801
0.31114,4866
0.31147,5994
0.3118,5687
0.31214,4726
0.31247,5042
0.3128,4738
0.31314,5184
0.31347,5599
0.3138,5665
0.31414,5160
0.31447,4927
0.3148,5003
0.31514,5096
0.31547,5384
0.3158,5011
0.31614,4779
0.31647,4823
0.3168,4984
0.31714,5544
0.31747,5121
0.3178,4628
0.31814,4514
0.31847,4610
0.3188,5229
0.31914,5600
0.31947,4976
0.3198,4600
0.32014,4811
0.32047,5469
0.3208,5750
0.32114,4860
0.32147,4842
0.3218,4587
0.32214,4537
0.32247,4602
0.3228,4736
0.32314,5500
0.32347,5029
0.3238,4899
0.32414,4712
0.32447,4847
0.3248,4474
0.32514,4972
0.32547,5616
0.3258,5477
0.32614,4502
0.32647,4811
0.3268,4789
0.32714,5167
0.32747,5064
0.3278,4716
0.32814,4644
0.32847,4492
0.3288,5132
0.32914,5359
0.32947,4409
0.3298,4811
0.33014,4748
0.33047,5473
0.3308,5414
0.33114,4823
0.33147,4831
0.3318,4947
0.33214,4689
0.33247,4622
0.3328,5496
0.33314,5875
0.33347,4739
0.3338,4955
0.33414,4942
0.33447,4901
0.3348,5876
0.33514,4732
0.33547,4483
0.3358,4478
0.33614,4531
0.33647,4655
0.3368,4611
0.33714,4348
0.33747,4479
0.3378,5226
0.33814,4908
0.33847,4604
0.3388,4467
0.33914,4752
0.33947,4675
0.3398,4861
0.34014,5495
0.34047,5279
0.3408,4742
0.34114,4582
0.34147,4621
0.3418,4682
0.34214,4910
0.34247,4396
0.3428,4579
0.34314,4938
0.34347,4799
0.3438,4543
0.34414,4800
0.34447,4994
0.3448,5531
0.34514,4750
0.34547,4344
0.3458,5328
0.34614,4451
0.34647,5669
0.3468,4692
0.34714,4561
0.34747,4735
0.3478,5340
0.34814,6793
0.34847,8443
0.3488,12617
0.34914,19567
0.34947,28648
0.3498,39640
0.35014,45542
0.35047,47528
0.3508,41198
0.35114,33545
0.35147,25348
0.3518,18696
0.35214,13527
0.35247,9114
0.3528,6946
0.35314,6342
0.35347,5729
0.3538,4823
0.35414,5394
0.35447,5716
0.3548,4764
0.35514,4724
0.35547,4767
0.3558,4979
0.35614,4469
0.35647,4801
0.3568,5363
0.35714,5475
0.35747,4899
0.3578,4290
0.35814,4794
0.35847,4378
0.3588,4810
0.35914,5297
0.35947,5370
0.3598,4998
0.36014,4900
0.36047,5484
0.3608,5924
0.36114,6740
0.36147,7103
0.3618,7305
0.36214,7860
0.36247,8428
0.3628,7151
0.36314,6912
0.36347,6039
0.3638,5992
0.36414,6683
0.36447,5229
0.3648,4803
0.36514,4519
0.36547,4552
0.3658,5273
0.36614,4748
0.36647,4230
0.3668,4338
0.36714,4781
0.36747,5055
0.3678,3978
0.36814,4036
0.36847,4033
0.3688,4610
0.36914,4830
0.36947,4156
0.3698,4107
0.37014,4376
0.37047,3996
0.3708,4656
0.37114,4480
0.37147,4384
0.3718,3862
0.37214,3858
0.37247,4251
0.3728,4245
0.37314,4234
0.37347,4723
0.3738,4616
0.37414,4485
0.37447,3883
0.3748,3930
0.37514,3768
0.37547,3913
0.3758,4249
0.37614,4344
0.37647,4337
0.3768,4031
0.37714,3990
0.37747,4129
0.3778,3848
0.37814,4295
0.37847,4507
0.3788,4720
0.37914,4096
0.37947,4054
0.3798,3750
0.38014,4119
0.38047,3826
0.3808,4799
0.38114,4695
0.38147,3949
0.3818,4131
0.38214,3863
0.38247,4031
0.3828,4319
0.38314,4682
0.38347,4642
0.3838,3844
0.38414,3934
0.38447,4124
0.3848,4937
0.38514,4334
0.38547,3861
0.3858,4046
0.38614,4198
0.38647,4855
0.3868,4763
0.38714,4012
0.38747,4042
0.3878,4363
0.38814,4710
0.38847,5037
0.3888,4165
0.38914,5697
0.38947,7483
0.3898,11584
0.39014,19532
0.39047,28145
0.3908,36823
0.39114,45897
0.39147,50396
0.3918,51292
0.39214,48565
0.39247,38658
0.3928,29114
0.39314,20103
0.39347,13948
0.3938,9904
0.39414,7033
0.39447,6109
0.3948,5616
0.39514,5064
0.39547,4871
0.3958,5212
0.39614,4567
0.39647,4186
0.3968,4440
0.39714,4382
0.39747,4559
0.3978,4976
0.39814,4883
0.39847,4423
0.3988,4613
0.39914,4117
0.39947,4472
0.3998,4440
0.40014,4657
0.40047,4860
0.4008,4527
0.40114,4142
0.40147,4398
0.4018,4109
0.40214,4430
0.40247,4735
0.4028,4191
0.40314,4087
0.40347,4233
0.4038,4296
0.40414,4951
0.40447,4198
0.4048,4280
0.40514,4417
0.40547,4221
0.4058,4720
0.40614,4150
0.40647,4168
0.4068,3943
0.40714,4330
0.40747,4597
0.4078,3681
0.40814,3746
0.40847,3968
0.4088,4122
0.40914,4271
0.40947,4629
0.4098,3989
0.41014,4025
0.41047,3957
0.4108,4043
0.41114,4174
0.41147,3839
0.4118,4530
0.41214,4485
0.41247,4527
0.4128,4300
0.41314,4234
0.41347,4813
0.4138,4452
0.41414,4890
0.41447,6197
0.4148,5489
0.41514,5568
0.41547,5625
0.4158,5999
0.41614,6053
0.41647,5743
0.4168,6478
0.41714,6372
0.41747,6294
0.4178,6032
0.41814,5869
0.41847,5916
0.4188,6178
0.41914,6124
0.41947,6639
0.4198,6398
0.42014,6147
0.42047,5468
0.4208,5811
0.42114,5381
0.42147,6351
0.4218,6439
0.42214,6052
0.42247,5907
0.4228,6132
0.42314,5955
0.42347,6252
0.4238,6079
0.42414,6469
0.42447,6701
0.4248,7559
0.42514,7846
0.42547,7684
0.4258,7000
0.42614,7275
0.42647,7907
0.4268,8981
0.42714,9830
0.42747,13303
0.4278,18851
0.42814,25723
0.42847,36843
0.4288,49193
0.42914,59247
0.42947,62706
0.4298,60915
0.43014,52042
0.43047,39943
0.4308,28148
0.43114,18693
0.43147,12959
0.4318,8431
0.43214,6355
0.43247,5557
0.4328,4977
0.43314,5035
0.43347,4480
0.4338,4422
0.43414,4361
0.43447,3831
0.4348,4156
0.43514,3703
0.43547,4004
0.4358,4079
0.43614,4452
0.43647,4471
0.4368,4514
0.43714,3990
0.43747,4052
0.4378,3660
0.43814,4130
0.43847,4195
0.4388,4676
0.43914,4194
0.43947,4252
0.4398,3709
0.44014,4144
0.44047,4378
0.4408,4221
0.44114,3792
0.44147,3802
0.4418,3896
0.44214,3812
0.44247,4631
0.4428,3834
0.44314,3948
0.44347,3956
0.4438,3937
0.44414,4616
0.44447,3971
0.4448,3804
0.44514,3867
0.44547,4364
0.4458,4277
0.44614,3712
0.44647,3921
0.4468,4072
0.44714,4411
0.44747,4417
0.4478,4404
0.44814,4262
0.44847,3883
0.4488,4024
0.44914,4133
0.44947,3835
0.4498,4327
0.45014,4052
0.45047,4309
0.4508,4586
0.45114,4621
0.45147,3939
0.4518,4637
0.45214,3933
0.45247,4233
0.4528,4788
0.45314,4939
0.45347,4537
0.4538,4121
0.45414,4106
0.45447,4296
0.4548,4306
0.45514,4268
0.45547,4100
0.4558,4401
0.45614,4581
0.45647,3892
0.4568,3971
0.45714,3858
0.45747,4401
0.4578,4509
0.45814,4039
0.45847,3999
0.4588,4146
0.45914,4321
0.45947,4648
0.4598,4678
0.46014,4468
0.46047,4420
0.4608,4390
0.46114,4522
0.46147,5120
0.4618,6071
0.46214,6686
0.46247,9661
0.4628,15307
0.46314,24661
0.46347,37961
0.4638,53286
0.46414,66282
0.46447,75148
0.4648,75952
0.46514,67637
0.46547,53073
0.4658,38176
0.46614,23490
0.46647,15146
0.4668,9546
0.46714,7122
0.46747,6073
0.4678,5368
0.46814,4421
0.46847,4428
0.4688,4506
0.46914,4252
0.46947,4333
0.4698,4541
0.47014,4715
0.47047,4267
0.4708,4374
0.47114,4128
0.47147,3996
0.4718,4030
0.47214,4276
0.47247,4581
0.4728,4211
0.47314,3845
0.47347,4323
0.4738,4167
0.47414,3966
0.47447,3884
0.4748,4306
0.47514,4573
0.47547,3586
0.4758,3678
0.47614,3703
0.47647,3819
0.4768,4322
0.47714,4025
0.47747,3903
0.4778,3611
0.47814,3831
0.47847,3911
0.4788,4481
0.47914,4581
0.47947,4766
0.4798,4603
0.48014,5179
0.48047,5886
0.4808,7029
0.48114,8359
0.48147,9446
0.4818,10256
0.48214,11259
0.48247,10931
0.4828,10438
0.48314,8881
0.48347,7760
0.4838,6900
0.48414,6566
0.48447,5510
0.4848,5255
0.48514,4941
0.48547,4322
0.4858,4085
0.48614,4109
0.48647,4200
0.4868,4453
0.48714,4417
0.48747,3733
0.4878,4054
0.48814,3662
0.48847,4704
0.4888,4430
0.48914,3960
0.48947,4250
0.4898,3789
0.49014,3986
0.49047,3950
0.4908,3801
0.49114,3899
0.49147,4080
0.4918,3937
0.49214,4213
0.49247,3720
0.4928,4103
0.49314,3891
0.49347,4109
0.4938,4609
0.49414,4735
0.49447,4494
0.4948,4385
0.49514,5166
0.49547,6781
0.4958,9928
0.49614,17123
0.49647,26702
0.4968,39839
0.49714,54831
0.49747,70092
0.4978,81173
0.49814,82216
0.49847,74624
0.4988,59592
0.49914,42991
0.49947,28565
0.4998,17155
0.50014,11238
0.50047,8211
0.5008,5707
0.50114,4713
0.50147,4694
0.5018,4656
0.50214,4917
0.50247,4578
0.5028,4575
0.50314,3988
0.50347,4617
0.5038,4423
0.50414,4201
0.50447,3989
0.5048,4148
0.50514,4107
0.50547,4266
0.5058,4381
0.50614,4161
0.50647,4122
0.5068,4239
0.50714,3947
0.50747,4021
0.5078,4358
0.50814,4848
0.50847,4464
0.5088,4194
0.50914,4131
0.50947,4434
0.5098,4435
0.51014,4198
0.51047,3691
0.5108,4081
0.51114,4712
0.51147,4316
0.5118,3968
0.51214,4102
0.51247,4203
0.5128,4042
0.51314,4527
0.51347,4211
0.5138,4187
0.51414,3933
0.51447,4113
0.5148,4582
0.51514,4303
0.51547,4130
0.5158,4198
0.51614,4724
0.51647,4378
0.5168,4105
0.51714,4009
0.51747,3972
0.5178,4793
0.51814,4082
0.51847,4006
0.5188,4089
0.51914,4021
0.51947,4562
0.5198,4160
0.52014,3748
0.52047,3790
0.5208,4267
0.52114,4468
0.52147,3951
0.5218,4131
0.52214,4128
0.52247,4139
0.5228,4554
0.52314,4385
0.52347,3956
0.5238,4400
0.52414,3660
0.52447,4259
0.5248,4396
0.52514,4037
0.52547,4105
0.5258,3748
0.52614,3962
0.52647,3927
0.5268,4466
0.52714,4919
0.52747,6521
0.5278,8955
0.52814,13480
0.52847,21252
0.5288,33861
0.52914,51689
0.52947,69538
0.5298,84412
0.53014,94463
0.53047,89487
0.5308,78102
0.53114,60869
0.53147,42079
0.5318,27862
0.53214,17785
0.53247,11571
0.5328,8294
0.53314,7391
0.53347,6548
0.5338,6362
0.53414,6398
0.53447,6844
0.5348,6898
0.53514,6375
0.53547,6327
0.5358,5224
0.53614,5101
0.53647,5011
0.5368,4896
0.53714,4834
0.53747,4124
0.5378,4082
0.53814,3968
0.53847,4376
0.5388,4223
0.53914,3727
0.53947,3706
0.5398,3753
0.54014,4451
0.54047,4259
0.5408,3937
0.54114,4203
0.54147,3919
0.5418,4282
0.54214,4575
0.54247,3737
0.5428,3980
0.54314,3794
0.54347,4581
0.5438,4501
0.54414,4507
0.54447,4361
0.5448,4192
0.54514,4350
0.54547,4330
0.5458,4139
0.54614,4461
0.54647,4497
0.5468,4149
0.54714,4311
0.54747,4095
0.5478,4337
0.54814,4008
0.54847,4382
0.5488,4342
0.54914,4377
0.54947,4041
0.5498,4392
0.55014,3915
0.55047,4468
0.5508,4179
0.55114,4625
0.55147,4085
0.5518,4317
0.55214,3898
0.55247,4086
0.5528,4166
0.55314,3937
0.55347,3922
0.5538,4082
0.55414,4396
0.55447,4992
0.5548,4507
0.55514,4111
0.55547,4022
0.5558,4176
0.55614,4256
0.55647,4331
0.5568,4219
0.55714,4059
0.55747,4284
0.5578,5188
0.55814,5875
0.55847,6484
0.5588,9938
0.55914,16525
0.55947,27697
0.5598,42210
0.56014,63214
0.56047,82707
0.5608,95820
0.56114,101687
0.56147,96337
0.5618,81183
0.56214,63901
0.56247,44433
0.5628,28281
0.56314,18307
0.56347,11663
0.5638,7657
0.56414,5958
0.56447,5239
0.5648,4644
0.56514,4360
0.56547,4463
0.5658,4618
0.56614,4826
0.56647,4271
0.5668,4169
0.56714,4097
0.56747,4072
0.5678,4211
0.56814,4621
0.56847,4545
0.5688,4427
0.56914,3754
0.56947,4456
0.5698,4411
0.57014,4544
0.57047,4224
0.5708,4233
0.57114,4222
0.57147,5076
0.5718,4425
0.57214,4179
0.57247,4437
0.5728,4061
0.57314,4383
0.57347,4434
0.5738,5004
0.57414,4730
0.57447,4310
0.5748,4337
0.57514,4340
0.57547,4424
0.5758,4841
0.57614,4433
0.57647,4087
0.5768,4347
0.57714,4929
0.57747,5107
0.5778,4365
0.57814,4181
0.57847,4648
0.5788,5076
0.57914,5305
0.57947,4918
0.5798,4650
0.58014,5587
0.58047,5987
0.5808,6315
0.58114,5484
0.58147,5804
0.5818,5532
0.58214,5376
0.58247,5789
0.5828,5458
0.58314,5098
0.58347,4693
0.5838,4619
0.58414,5330
0.58447,5079
0.5848,4352
0.58514,4581
0.58547,4684
0.5858,5128
0.58614,4491
0.58647,4440
0.5868,4640
0.58714,4749
0.58747,5143
0.5878,4821
0.58814,5133
0.58847,7183
0.5888,10036
0.58914,15884
0.58947,24653
0.5898,40594
0.59014,58670
0.59047,79394
0.5908,98103
0.59114,106567
0.59147,105859
0.5918,95260
0.59214,76410
0.59247,57055
0.5928,37753
0.59314,24854
0.59347,15325
0.5938,10295
0.59414,8232
0.59447,6457
0.5948,6178
0.59514,5476
0.59547,5106
0.5958,4812
0.59614,5390
0.59647,5050
0.5968,4829
0.59714,4542
0.59747,4281
0.5978,4368
0.59814,4815
0.59847,4539
0.5988,4523
0.59914,4476
0.59947,4714
0.5998,5017
0.60014,4525
0.60047,4680
0.6008,4660
0.60114,4597
0.60147,4385
0.6018,4994
0.60214,4983
0.60247,4523
0.6028,4267
0.60314,4309
0.60347,4360
0.6038,4137
0.60414,3832
0.60447,4062
0.6048,4751
0.60514,4254
0.60547,3978
0.6058,4272
0.60614,4173
0.60647,5121
0.6068,4639
0.60714,4126
0.60747,3963
0.6078,4228
0.60814,4014
0.60847,3813
0.6088,4160
0.60914,4651
0.60947,4800
0.6098,4590
0.61014,3932
0.61047,4275
0.6108,4446
0.61114,4125
0.61147,4216
0.6118,4664
0.61214,4921
0.61247,4570
0.6128,4215
0.61314,3800
0.61347,4559
0.6138,4673
0.61414,4877
0.61447,4618
0.6148,4466
0.61514,4273
0.61547,4569
0.6158,4915
0.61614,4613
0.61647,4278
0.6168,4581
0.61714,4921
0.61747,7321
0.6178,9013
0.61814,13037
0.61847,21610
0.6188,35483
0.61914,54222
0.61947,73662
0.6198,93879
0.62014,109626
0.62047,112559
0.6208,107677
0.62114,95210
0.62147,72617
0.6218,53569
0.62214,37015
0.62247,23610
0.6228,15096
0.62314,10845
0.62347,8499
0.6238,7696
0.62414,7109
0.62447,5970
0.6248,5814
0.62514,5230
0.62547,5211
0.6258,5596
0.62614,5579
0.62647,4774
0.6268,4511
0.62714,4451
0.62747,4340
0.6278,4206
0.62814,4258
0.62847,4330
0.6288,4593
0.62914,5201
0.62947,4358
0.6298,4571
0.63014,4382
0.63047,4666
0.6308,5019
0.63114,5278
0.63147,4719
0.6318,4609
0.63214,4214
0.63247,4564
0.6328,4958
0.63314,5308
0.63347,4982
0.6338,4371
0.63414,4428
0.63447,4435
0.6348,4881
0.63514,4981
0.63547,4294
0.6358,4377
0.63614,4485
0.63647,4890
0.6368,5346
0.63714,4302
0.63747,4607
0.6378,4438
0.63814,4977
0.63847,5176
0.6388,4044
0.63914,5124
0.63947,4661
0.6398,5320
0.64014,4911
0.64047,4292
0.6408,4433
0.64114,4514
0.64147,4747
0.6418,4349
0.64214,4569
0.64247,4517
0.6428,4431
0.64314,4942
0.64347,5261
0.6438,4765
0.64414,4738
0.64447,4423
0.6448,4556
0.64514,5456
0.64547,7094
0.6458,9229
0.64614,12893
0.64647,21799
0.6468,35886
0.64714,53975
0.64747,74683
0.6478,94722
0.64814,113914
0.64847,123113
0.6488,120107
0.64914,106686
0.64947,85878
0.6498,63242
0.65014,44337
0.65047,29170
0.6508,19682
0.65114,12351
0.65147,8367
0.6518,6634
0.65214,5942
0.65247,6063
0.6528,5518
0.65314,4847
0.65347,4742
0.6538,4248
0.65414,5050
0.65447,5639
0.6548,4502
0.65514,4283
0.65547,4349
0.6558,4975
0.65614,5050
0.65647,4476
0.6568,4650
0.65714,4369
0.65747,4894
0.6578,4847
0.65814,4604
0.65847,4316
0.6588,3920
0.65914,4384
0.65947,4781
0.6598,5448
0.66014,4951
0.66047,4489
0.6608,4440
0.66114,5030
0.66147,4565
0.6618,4642
0.66214,4806
0.66247,5686
0.6628,5901
0.66314,5245
0.66347,4779
0.6638,4832
0.66414,5622
0.66447,5749
0.6648,5178
0.66514,5003
0.66547,4847
0.6658,5407
0.66614,5230
0.66647,4542
0.6668,4526
0.66714,4420
0.66747,4871
0.6678,5573
0.66814,4436
0.66847,4541
0.6688,4624
0.66914,4937
0.66947,4812
0.6698,4306
0.67014,3923
0.67047,4463
0.6708,4479
0.67114,4203
0.67147,4989
0.6718,5086
0.67214,5240
0.67247,6310
0.6728,7986
0.67314,12871
0.67347,20044
0.6738,31030
0.67414,47798
0.67447,68101
0.6748,90854
0.67514,110080
0.67547,122099
0.6758,124478
0.67614,113806
0.67647,98755
0.6768,77665
0.67714,57804
0.67747,38705
0.6778,24682
0.67814,16278
0.67847,11144
0.6788,8122
0.67914,7069
0.67947,6616
0.6798,5294
0.68014,4814
0.68047,4798
0.6808,4703
0.68114,5068
0.68147,5552
0.6818,5670
0.68214,4995
0.68247,4628
0.6828,4477
0.68314,4550
0.68347,5300
0.6838,5481
0.68414,4674
0.68447,4316
0.6848,4229
0.68514,4341
0.68547,4307
0.6858,4514
0.68614,5112
0.68647,5325
0.6868,4804
0.68714,4554
0.68747,4561
0.6878,4232
0.68814,4255
0.68847,4997
0.6888,4833
0.68914,4418
0.68947,4559
0.6898,4905
0.69014,5295
0.69047,5100
0.6908,4763
0.69114,4550
0.69147,4778
0.6918,4900
0.69214,5065
0.69247,5018
0.6928,5097
0.69314,4975
0.69347,4733
0.6938,4749
0.69414,4895
0.69447,4553
0.6948,4809
0.69514,4384
0.69547,4372
0.6958,4648
0.69614,5186
0.69647,5139
0.6968,4683
0.69714,4754
0.69747,4566
0.6978,4740
0.69814,4856
0.69847,6044
0.6988,7841
0.69914,9843
0.69947,13750
0.6998,22411
0.70014,35353
0.70047,53680
0.7008,73234
0.70114,95957
0.70147,113514
0.7018,124990
0.70214,129087
0.70247,120342
0.7028,102162
0.70314,83256
0.70347,62684
0.7038,44843
0.70414,29481
0.70447,18982
0.7048,13080
0.70514,9104
0.70547,7462
0.7058,6399
0.70614,5760
0.70647,6233
0.7068,4931
0.70714,5568
0.70747,4614
0.7078,5605
0.70814,5435
0.70847,4571
0.7088,4815
0.70914,4819
0.70947,4555
0.7098,4921
0.71014,5178
0.71047,5089
0.7108,4741
0.71114,4601
0.71147,4863
0.7118,4619
0.71214,5269
0.71247,4748
0.7128,4087
0.71314,4183
0.71347,4164
0.7138,4802
0.71414,4517
0.71447,4442
0.7148,4297
0.71514,4383
0.71547,5051
0.7158,5032
0.71614,4705
0.71647,4043
0.7168,3882
0.71714,4202
0.71747,4395
0.7178,4974
0.71814,4686
0.71847,4179
0.7188,4054
0.71914,4260
0.71947,5100
0.7198,5029
0.72014,4435
0.72047,4361
0.7208,4027
0.72114,4269
0.72147,4647
0.7218,4243
0.72214,3786
0.72247,4153
0.7228,4407
0.72314,5235
0.72347,4417
0.7238,4037
0.72414,4970
0.72447,6081
0.7248,9795
0.72514,13584
0.72547,21022
0.7258,31613
0.72614,48883
0.72647,67871
0.7268,89366
0.72714,107348
0.72747,119032
0.7278,127533
0.72814,125027
0.72847,113607
0.7288,92723
0.72914,72714
0.72947,54937
0.7298,39071
0.73014,26329
0.73047,18397
0.7308,12301
0.73114,9385
0.73147,7884
0.7318,6595
0.73214,5694
0.73247,5525
0.7328,5631
0.73314,5889
0.73347,5829
0.7338,5596
0.73414,5297
0.73447,5126
0.7348,5449
0.73514,5809
0.73547,4814
0.7358,4569
0.73614,4746
0.73647,4859
0.7368,5525
0.73714,4988
0.73747,4668
0.7378,4446
0.73814,4394
0.73847,4328
0.7388,4575
0.73914,4979
0.73947,4825
0.7398,4312
0.74014,4185
0.74047,4434
0.7408,4887
0.74114,4739
0.74147,3925
0.7418,3977
0.74214,4714
0.74247,5029
0.7428,4254
0.74314,4348
0.74347,4256
0.7438,4296
0.74414,5216
0.74447,4928
0.7448,4542
0.74514,4347
0.74547,4391
0.7458,5082
0.74614,4253
0.74647,4129
0.7468,4247
0.74714,4624
0.74747,4766
0.7478,4617
0.74814,4432
0.74847,5062
0.7488,5793
0.74914,8956
0.74947,11513
0.7498,18616
0.75014,29195
0.75047,44228
0.7508,63415
0.75114,82484
0.75147,104625
0.7518,120236
0.75214,126942
0.75247,129827
0.7528,119523
0.75314,102910
0.75347,83204
0.7538,62302
0.75414,46861
0.75447,31874
0.7548,21994
0.75514,15674
0.75547,11552
0.7558,9726
0.75614,8363
0.75647,7098
0.7568,5619
0.75714,5607
0.75747,5370
0.7578,5755
0.75814,5058
0.75847,5273
0.7588,5458
0.75914,5351
0.75947,5437
0.7598,4761
0.76014,4616
0.76047,4188
0.7608,4582
0.76114,4477
0.76147,5452
0.7618,5176
0.76214,5016
0.76247,5231
0.7628,4578
0.76314,5209
0.76347,4977
0.7638,4846
0.76414,4475
0.76447,4469
0.7648,4679
0.76514,4457
0.76547,4473
0.7658,4535
0.76614,5087
0.76647,5066
0.7668,4877
0.76714,4652
0.76747,4336
0.7678,4699
0.76814,5254
0.76847,5120
0.7688,4228
0.76914,4374
0.76947,4273
0.7698,4591
0.77014,4997
0.77047,4027
0.7708,4351
0.77114,3825
0.77147,4448
0.7718,4775
0.77214,4646
0.77247,4836
0.7728,5993
0.77314,8558
0.77347,12876
0.7738,17992
0.77414,27925
0.77447,42723
0.7748,61033
0.77514,79673
0.77547,97125
0.7758,113421
0.77614,123063
0.77647,125518
0.7768,120413
0.77714,106513
0.77747,90795
0.7778,70056
0.77814,53966
0.77847,39610
0.7788,29160
0.77914,20053
0.77947,14780
0.7798,11238
0.78014,9376
0.78047,8143
0.7808,6830
0.78114,6096
0.78147,6229
0.7818,5463
0.78214,5418
0.78247,5841
0.7828,5622
0.78314,5288
0.78347,5157
0.7838,5170
0.78414,4837
0.78447,5393
0.7848,5007
0.78514,5138
0.78547,5210
0.7858,4782
0.78614,4836
0.78647,4321
0.7868,4720
0.78714,4480
0.78747,5006
0.7878,4717
0.78814,4581
0.78847,4528
0.7888,4358
0.78914,4999
0.78947,4948
0.7898,4152
0.79014,4332
0.79047,4330
0.7908,4986
0.79114,4616
0.79147,4014
0.7918,4558
0.79214,4407
0.79247,4823
0.7928,4659
0.79314,4027
0.79347,4390
0.7938,3970
0.79414,4557
0.79447,4726
0.7948,4228
0.79514,4315
0.79547,4468
0.7958,4720
0.79614,4999
0.79647,6268
0.7968,8180
0.79714,11797
0.79747,16577
0.7978,25206
0.79814,37403
0.79847,52102
0.7988,69057
0.79914,87547
0.79947,105162
0.7998,115236
0.80014,119072
0.80047,119174
0.8008,111348
0.80114,96357
0.80147,81468
0.8018,64876
0.80214,49774
0.80247,38216
0.8028,28641
0.80314,20960
0.80347,15874
0.8038,13059
0.80414,11014
0.80447,9574
0.8048,8426
0.80514,7785
0.80547,7174
0.8058,6776
0.80614,6306
0.80647,6281
0.8068,5982
0.80714,5787
0.80747,5059
0.8078,5343
0.80814,5182
0.80847,4991
0.8088,5248
0.80914,5139
0.80947,5077
0.8098,4730
0.81014,5266
0.81047,5401
0.8108,4656
0.81114,4538
0.81147,4377
0.8118,4743
0.81214,4803
0.81247,4787
0.8128,4622
0.81314,4447
0.81347,4637
0.8138,5099
0.81414,4705
0.81447,4438
0.8148,4276
0.81514,4709
0.81547,4522
0.81581,4267
0.81614,4414
0.81647,4384
0.8168,4349
0.81714,4743
0.81747,4232
0.8178,4353
0.81814,4056
0.81847,4507
0.8188,4627
0.81914,4863
0.81947,4995
0.8198,6686
0.82014,8865
0.82047,11658
0.8208,16421
0.82114,24240
0.82147,36101
0.8218,48892
0.82214,65083
0.82247,80968
0.8228,96156
0.82314,107681
0.82347,111612
0.8238,112734
0.82414,106295
0.82447,94922
0.8248,80337
0.82514,67367
0.82547,52470
0.8258,40856
0.82614,32971
0.82647,25565
0.8268,19828
0.82714,16818
0.82747,13608
0.8278,11863
0.82814,11058
0.82847,9105
0.8288,8891
0.82914,8664
0.82947,8155
0.8298,7853
0.83014,6944
0.83047,6734
0.8308,7037
0.83114,7193
0.83147,6496
0.8318,6592
0.83214,5935
0.83247,5847
0.8328,5606
0.83314,5692
0.83347,5833
0.8338,5953
0.83414,5454
0.83447,5315
0.8348,5493
0.83514,4685
0.83547,5153
0.8358,5167
0.83614,5141
0.83647,5222
0.8368,4855
0.83714,4758
0.83747,4807
0.8378,5001
0.83814,5400
0.83847,4860
0.8388,4822
0.83914,4460
0.83947,4613
0.8398,5076
0.84014,4743
0.84047,4539
0.8408,4825
0.84114,5045
0.84147,4784
0.8418,4765
0.84214,4896
0.84247,4879
0.8428,5722
0.84314,7022
0.84347,8878
0.8438,11323
0.84414,16206
0.84447,22143
0.8448,31317
0.84514,44467
0.84547,55090
0.8458,71422
0.84614,82238
0.84647,94367
0.8468,100385
0.84714,102235
0.84747,100165
0.8478,92861
0.84814,82594
0.84847,71420
0.8488,61996
0.84914,49423
0.84947,41580
0.8498,32419
0.85014,26581
0.85047,22799
0.8508,19356
0.85114,16362
0.85147,14705
0.8518,12779
0.85214,12626
0.85247,11879
0.8528,9906
0.85314,9535
0.85347,8629
0.8538,8387
0.85414,7889
0.85447,7800
0.8548,7489
0.85514,7402
0.85547,7808
0.8558,6899
0.85614,6941
0.85647,6838
0.8568,6420
0.85714,6829
0.85747,6606
0.8578,6209
0.85814,6359
0.85847,6008
0.8588,6290
0.85914,6381
0.85947,6335
0.8598,6140
0.86014,6508
0.86047,6077
0.8608,5712
0.86114,5629
0.86147,5795
0.8618,5536
0.86214,5589
0.86247,6218
0.8628,5525
0.86314,5266
0.86347,5394
0.8638,5505
0.86414,5422
0.86447,5193
0.8648,5430
0.86514,5412
0.86547,5589
0.8658,6252
0.86614,7405
0.86647,9487
0.8668,12361
0.86714,16190
0.86747,22518
0.8678,30631
0.86814,41615
0.86847,51596
0.8688,62828
0.86914,74221
0.86947,84558
0.8698,88068
0.87014,91480
0.87047,89873
0.8708,81528
0.87114,75716
0.87147,68190
0.8718,57988
0.87214,50373
0.87247,42240
0.8728,35592
0.87314,29131
0.87347,24900
0.8738,22147
0.87414,20124
0.87447,17715
0.8748,16035
0.87514,14202
0.87547,13144
0.8758,13196
0.87614,12307
0.87647,10991
0.8768,9703
0.87714,10737
0.87747,9906
0.8778,9007
0.87814,8915
0.87847,7977
0.8788,8452
0.87914,8439
0.87947,7642
0.8798,7371
0.88014,7742
0.88047,7332
0.8808,7184
0.88114,7320
0.88147,7395
0.8818,7263
0.88214,6908
0.88247,6753
0.8828,6329
0.88314,6676
0.88347,6536
0.8838,6633
0.88414,6595
0.88447,6075
0.8848,5919
0.88514,6116
0.88547,6206
0.8858,6240
0.88614,6634
0.88647,5746
0.8868,6370
0.88714,6423
0.88747,6600
0.8878,6442
0.88814,6661
0.88847,8535
0.8888,9882
0.88914,12855
0.88947,15440
0.8898,20186
0.89014,26068
0.89047,34150
0.8908,43432
0.89114,53832
0.89147,62326
0.8918,69317
0.89214,75327
0.89247,77839
0.8928,77565
0.89314,76734
0.89347,70767
0.8938,66640
0.89414,58604
0.89447,52424
0.8948,45508
0.89514,40245
0.89547,34559
0.8958,30867
0.89614,27723
0.89647,24420
0.8968,21281
0.89714,19493
0.89747,17336
0.8978,15883
0.89814,15731
0.89847,15254
0.8988,14044
0.89914,13104
0.89947,12763
0.8998,11508
0.90014,10791
0.90047,11117
0.9008,11116
0.90114,10890
0.90147,10477
0.9018,9485
0.90214,9157
0.90247,8881
0.9028,8957
0.90314,9742
0.90347,9130
0.9038,7738
0.90414,8130
0.90447,8453
0.9048,9039
0.90514,8624
0.90547,7603
0.9058,7301
0.90614,7682
0.90647,7875
0.9068,7545
0.90714,7137
0.90747,6972
0.9078,6713
0.90814,7627
0.90847,7195
0.9088,6594
0.90914,6206
0.90947,6255
0.9098,6628
0.91014,7263
0.91047,6703
0.9108,5820
0.91114,6316
0.91147,6064
0.9118,6131
0.91214,6384
0.91247,6976
0.9128,5958
0.91314,5898
0.91347,6606
0.9138,6074
0.91414,6281
0.91447,6178
0.9148,6309
0.91514,6235
0.91547,6372
0.9158,6776
0.91614,6919
0.91647,6752
0.9168,6528
0.91714,5820
0.91747,6552
0.9178,6654
0.91814,6002
0.91847,5892
0.9188,5838
0.91914,5956
0.91947,5744
0.9198,5858
0.92014,5617
0.92047,6109
0.9208,6172
0.92114,5792
0.92147,5613
0.9218,5749
0.92214,6302
0.92247,5899
0.9228,6251
0.92314,6028
0.92347,5052
0.9238,6032
0.92414,5683
0.92447,5335
0.9248,5049
0.92514,5223
0.92547,5468
0.9258,5954
0.92614,5830
0.92647,5332
0.9268,5144
0.92714,5415
0.92747,5951
0.9278,5825
0.92814,4968
0.92847,4812
0.9288,5337
0.92914,5005
0.92947,5826
0.9298,5469
0.93014,4722
0.93047,4648
0.9308,4783
0.93114,4987
0.93147,5200
0.9318,5532
0.93214,5620
0.93247,5327
0.9328,4939
0.93314,5452
0.93347,5633
0.9338,4849
0.93414,5287
0.93447,6076
0.9348,5393
0.93514,5099
0.93547,5110
0.9358,5218
0.93614,5073
0.93647,5450
0.9368,5585
0.93714,5637
0.93747,5842
0.9378,5469
0.93814,4856
0.93847,5177
0.9388,5192
0.93914,5419
0.93947,6100
0.9398,5498
0.94014,4917
0.94047,5084
0.9408,5347
0.94114,5525
0.94147,5852
0.9418,5084
0.94214,4943
0.94247,4999
0.9428,4930
0.94314,5609
0.94347,5543
0.9438,5354
0.94414,4887
0.94447,5088
0.9448,5409
0.94514,5769
0.94547,5303
0.9458,5008
0.94614,4653
0.94647,5144
0.9468,5387
0.94714,5395
0.94747,5055
0.94781,5166
0.94814,4731
0.94847,4980
0.9488,5067
0.94914,5321
0.94947,5425
0.9498,5177
0.95014,4890
0.95047,4982
0.9508,4868
0.95114,5509
0.95147,5587
0.9518,5065
0.95214,4849
0.95247,4879
0.9528,5187
0.95314,5386
0.95347,4834
0.9538,5225
0.95414,5401
0.95447,5442
0.9548,4766
0.95514,4835
0.95547,4841
0.9558,4996
0.95614,5747
0.95647,4879
0.9568,4834
0.95714,4914
0.95747,4789
0.9578,4672
0.95814,5397
0.95847,5487
0.9588,5165
0.95914,4888
0.95947,4725
0.9598,4701
0.96014,4946
0.96047,4494
0.9608,5458
0.96114,5601
0.96147,4686
0.9618,4871
0.96214,4864
0.96247,5448
0.9628,5704
0.96314,5285
0.96347,4813
0.9638,4386
0.96414,5359
0.96447,5664
0.9648,4660
0.96514,4878
0.96547,4474
0.9658,4813
0.96614,5632
0.96647,5541
0.9668,5000
0.96714,4640
0.96747,4727
0.9678,4741
0.96814,5051
0.96847,5372
0.9688,4703
0.96914,4821
0.96947,5040
0.9698,4846
0.97014,5847
0.97047,5300
0.9708,4595
0.97114,4676
0.97147,4539
0.9718,4880
0.97214,4978
0.97247,5293
0.9728,4868
0.97314,5260
0.97347,5428
0.9738,5534
0.97414,4802
0.97447,4699
0.9748,4937
0.97514,5624
0.97547,5671
0.9758,5140
0.97614,4853
0.97647,4852
0.9768,4581
0.97714,4785
0.97747,4847
0.9778,5183
0.97814,5427
0.97847,5252
0.9788,4857
0.97914,4741
0.97947,4744
0.9798,4949
0.98014,5777
0.98047,5396
0.9808,4984
0.98114,4856
0.98147,5065
0.9818,5777
0.98214,5582
0.98247,4463
0.9828,4860
0.98314,4798
0.98347,6046
0.9838,5337
0.98414,4962
0.98447,4746
0.9848,5095
0.98514,5596
0.98547,5174
0.9858,4726
0.98614,4653
0.98647,4836
0.9868,5131
0.98714,5352
0.98747,5198
0.9878,4820
0.98814,4658
0.98847,5035
0.9888,4812
0.98914,5339
0.98947,5684
0.9898,4819
0.99014,4967
0.99047,4895
0.9908,5302
0.99114,5049
0.99147,4967
0.9918,4820
0.99214,4516
0.99247,4996
0.9928,5700
0.99314,4734
0.99347,4636
0.9938,5188
0.99414,4670
0.99447,4900
0.9948,5523
0.99514,4947
0.99547,4493
0.9958,4899
0.99614,5245
0.99647,5593
0.9968,4772
0.99714,4791
0.99747,4746
0.9978,5934
0.99814,5256
0.99847,4804
0.9988,4818
0.99914,4999
0.99947,5957
0.9998,5227
1.00014,4921
1.00047,5049
1.0008,4933
1.00114,5782
1.00147,4993
1.0018,4954
1.00214,4459
1.00247,5074
1.0028,6140
1.00314,4740
1.00347,4897
1.0038,4685
1.00414,5385
1.00447,6202
1.0048,5124
1.00514,5011
1.00547,5478
1.0058,4830
1.00614,4895
1.00647,5604
1.0068,5579
1.00714,4982
1.00747,4912
1.0078,5287
1.00814,5245
1.00847,4766
1.0088,4523
1.00914,4794
1.00947,5754
1.0098,5514
1.01014,4953
1.01047,4611
1.0108,4571
1.01114,4737
1.01147,4876
1.0118,5071
1.01214,5570
1.01247,4814
1.0128,5228
1.01314,4527
1.01347,4527
1.0138,4854
1.01414,5381
1.01447,5858
1.0148,5508
1.01514,5124
1.01547,4973
1.0158,4809
1.01614,4820
1.01647,5016
1.0168,5403
1.01714,5431
1.01747,5125
1.0178,4824
1.01814,4681
1.01847,4973
1.0188,5914
1.01914,4474
1.01947,5068
1.0198,4704
1.02014,5595
1.02047,5628
1.0208,4794
1.02114,5055
1.02147,4971
1.0218,5347
1.02214,5553
1.02247,4861
1.0228,5383
1.02314,4963
1.02347,5624
1.0238,5603
1.02414,4833
1.02447,5315
1.0248,5355
1.02514,5589
1.02547,5735
1.0258,4980
1.02614,4914
1.02647,5211
1.0268,5725
1.02714,5693
1.02747,5017
1.0278,5275
1.02814,5395
1.02847,5134
1.0288,5851
1.02914,4898
1.02947,5318
1.0298,5127
1.03014,5297
1.03047,6175
1.0308,4990
1.03114,4701
1.03147,5058
1.0318,4617
1.03214,5245
1.03247,5356
1.0328,4809
1.03314,5214
1.03347,5029
1.0338,5840
1.03414,5353
1.03447,4849
1.0348,5066
1.03514,4561
1.03547,5254
1.0358,5763
1.03614,5212
1.03647,4799
1.0368,4907
1.03714,4790
1.03747,5494
1.0378,5490
1.03814,5503
1.03847,4827
1.0388,5071
1.03914,5155
1.03947,5317
1.0398,5683
1.04014,4648
1.04047,5232
1.0408,5425
1.04114,5416
1.04147,5892
1.0418,4943
1.04214,5424
1.04247,4644
1.0428,5439
1.04314,5328
1.04347,4788
1.0438,5186
1.04414,4832
1.04447,5267
1.0448,5566
1.04514,4882
1.04547,4647
1.0458,4798
1.04614,4787
1.04647,4947
1.0468,4742
1.04714,4383
1.04747,4709
1.0478,5464
1.04814,5204
1.04847,4814
1.0488,4815
1.04914,4729
1.04947,4795
1.0498,5582
1.05014,5486
1.05047,4684
1.0508,4829
1.05114,5234
1.05147,5151
1.0518,5285
1.05214,4621
1.05247,4761
1.0528,4756
1.05314,5698
1.05347,4898
1.0538,4760
1.05414,5084
1.05447,4757
1.0548,5755
1.05514,5368
1.05547,4650
1.0558,4676
1.05614,4726
1.05647,5165
1.0568,4887
1.05714,4734
1.05747,4890
1.0578,4837
1.05814,4820
1.05847,4943
1.0588,5192
1.05914,5443
1.05947,4657
1.0598,4831
1.06014,5219
1.06047,5158
1.0608,5314
1.06114,4626
1.06147,4613
1.0618,4380
1.06214,5685
1.06247,5343
1.0628,4794
1.06314,4665
1.06347,4643
1.0638,4445
1.06414,5309
1.06447,5494
1.0648,4872
1.06514,4566
1.06547,4848
1.0658,4565
1.06614,4583
1.06647,5015
1.0668,5624
1.06714,5063
1.06747,4262
1.0678,4414
1.06814,4442
1.06847,4798
1.0688,4758
1.06914,5230
1.06947,5338
1.0698,5050
1.07014,4375
1.07047,4623
1.0708,5236
1.07114,4714
1.07147,4881
1.0718,4974
1.07214,5009
1.07247,5375
1.0728,4986
1.07314,4917
1.07347,4920
1.0738,4997
1.07414,5702
1.07447,5023
1.0748,4600
1.07514,4629
1.07547,4620
1.0758,4794
1.07614,5593
1.07647,5073
1.0768,5133
1.07714,4709
1.07747,4652
1.0778,5275
1.07814,5211
1.07847,5238
1.0788,5068
1.07914,4893
1.07947,5201
1.0798,5613
1.08014,5129
1.08047,4957
1.0808,4399
1.08114,4912
1.08147,5222
1.0818,5380
1.08214,4964
1.08247,4736
1.0828,4844
1.08314,4388
1.08347,4788
1.0838,5377
1.08414,5563
1.08447,4684
1.0848,4783
1.08514,4629
1.08547,4830
1.0858,5384
1.08614,5030
1.08647,4789
1.0868,4744
1.08714,5176
1.08747,5018
1.0878,5134
1.08814,5003
1.08847,5137
1.0888,4943
1.08914,5056
1.08947,4845
1.0898,4476
1.09014,4611
1.09047,4867
1.0908,5475
1.09114,5369
1.09147,4817
1.0918,4674
1.09214,4953
1.09247,4653
1.0928,5578
1.09314,5272
1.09347,5346
1.0938,4874
1.09414,4890
1.09447,4877
1.0948,4475
1.09514,4715
1.09547,5214
1.0958,5327
1.09614,5046
1.09647,4829
1.0968,5069
1.09714,5196
1.09747,5381
1.0978,5103
1.09814,4671
1.09847,4863
1.0988,4530
1.09914,5689
1.09947,5148
1.0998,4845
1.10014,4510
1.10047,4902
1.1008,5190
1.10114,4554
1.10147,4589
1.1018,4407
1.10214,4591
1.10247,4495
1.1028,4901
1.10314,5267
1.10347,5221
1.1038,4502
1.10414,4767
1.10447,4682
1.1048,5002
1.10514,5345
1.10547,4922
1.1058,4580
1.10614,4533
1.10647,4840
1.1068,4962
1.10714,4691
1.10747,4626
1.1078,4458
1.10814,4869
1.10847,5341
1.1088,4628
1.10914,4298
1.10947,5056
1.1098,4784
1.11014,4959
1.11047,5519
1.1108,5045
1.11114,4933
1.11147,4634
1.1118,5301
1.11214,5044
1.11247,4733
1.1128,4686
1.11314,4663
1.11347,5854
1.1138,4716
1.11414,4904
1.11447,4531
1.1148,4724
1.11514,5500
1.11547,4917
1.1158,4626
1.11614,4789
1.11647,4716
1.1168,5566
1.11714,4707
1.11747,4908
1.1178,4894
1.11814,4802
1.11847,5326
1.1188,5063
1.11914,4935
1.11947,4838
1.1198,5561
1.12014,5189
1.12047,4836
1.1208,4271
1.12114,4409
1.12147,4624
1.1218,4605
1.12214,4806
1.12247,5294
1.1228,5024
1.12314,4629
1.12347,4638
1.1238,4262
1.12414,4827
1.12447,5738
1.1248,5179
1.12514,4626
1.12547,4789
1.1258,5126
1.12614,5188
1.12647,5060
1.1268,4770
1.12714,4879
1.12747,4867
1.1278,5349
1.12814,4375
1.12847,4983
1.1288,4955
1.12914,5162
1.12947,5480
1.1298,4712
1.13014,4737
1.13047,4805
1.1308,5389
1.13114,5661
1.13147,4984
1.1318,5028
1.13214,4612
1.13247,4858
1.1328,5545
1.13314,4813
1.13347,4910
1.1338,5068
1.13414,5470
1.13447,5368
1.1348,4809
1.13514,4714
1.13547,4911
1.1358,5346
1.13614,5485
1.13647,4805
1.1368,4991
1.13714,5052
1.13747,4940
1.1378,5167
1.13814,4759
1.13847,5156
1.1388,4782
1.13914,5030
1.13947,5562
1.1398,5360
1.14014,4781
1.14047,5009
1.1408,5202
1.14114,5141
1.14147,5596
1.1418,5556
1.14214,4974
1.14247,4798
1.1428,5278
1.14314,5180
1.14347,5035
1.1438,4735
1.14414,5270
1.14447,5932
1.1448,5405
1.14514,4967
1.14547,5093
1.1458,5038
1.14614,4958
1.14647,5304
1.1468,5477
1.14714,5530
1.14747,5250
1.1478,4959
1.14814,5223
1.14847,5551
1.1488,5390
1.14914,4727
1.14947,5134
1.1498,5207
1.15014,5189
1.15047,5445
1.1508,5130
1.15114,4986
1.15147,5306
1.1518,5868
1.15214,5529
1.15247,5178
1.1528,4985
1.15314,5175
1.15347,5362
1.1538,5748
1.15414,4952
1.15447,5204
1.1548,5175
1.15514,5418
1.15547,5770
1.1558,5081
1.15614,5022
1.15647,5350
1.1568,5116
1.15714,5954
1.15747,4996
1.1578,5126
1.15814,5208
1.15847,5678
1.1588,5990
1.15914,5152
1.15947,5116
1.1598,5237
1.16014,5479
1.16047,5868
1.1608,5414
1.16114,5136
1.16147,5583
1.1618,5226
1.16214,5206
1.16247,5366
1.1628,5463
1.16314,4994
1.16347,5586
1.1638,6111
1.16414,5537
1.16447,4536
1.1648,5014
1.16514,5083
1.16547,6015
1.1658,6225
1.16614,5796
1.16647,5123
1.1668,5527
1.16714,5027
1.16747,5260
1.1678,5424
1.16814,5822
1.16847,6096
1.1688,5452
1.16914,5441
1.16947,5054
1.1698,5299
1.17014,5261
1.17047,5388
1.1708,5984
1.17114,5968
1.17147,5227
1.1718,5161
1.17214,5757
1.17247,5667
1.1728,6035
1.17314,5437
1.17347,5179
1.1738,5309
1.17414,4836
1.17447,5598
1.1748,5526
1.17514,5244
1.17547,5747
1.1758,5594
1.17614,6237
1.17647,5722
1.1768,5241
1.17714,5491
1.17747,5694
1.1778,5807
1.17814,5570
1.17847,4852
1.1788,5577
1.17914,5603
1.17947,5367
1.1798,5557
1.18014,5956
1.18047,5042
1.1808,5394
1.18114,5620
1.18147,5469
1.1818,5110
1.18214,4982
1.18247,5259
1.1828,5376
1.18314,5912
1.18347,5372
1.1838,5422
1.18414,5333
1.18447,5343
1.1848,5321
1.18514,5957
1.18547,5884
1.1858,5234
1.18614,5451
1.18647,5442
1.1868,5586
1.18714,5118
1.18747,5292
1.1878,5412
1.18814,5614
1.18847,5227
1.1888,5177
1.18914,5484
1.18947,5499
1.1898,6161
1.19014,5434
1.19047,5287
1.1908,5089
1.19114,5068
1.19147,5027
1.1918,5840
1.19214,5643
1.19247,5414
1.1928,5127
1.19314,5151
1.19347,5266
1.1938,5947
1.19414,5474
1.19447,5217
1.1948,4769
1.19514,5559
1.19547,5896
1.1958,5547
1.19614,5588
1.19647,5068
1.1968,5336
1.19714,5678
1.19747,5468
1.1978,5063
1.19814,5388
1.19847,5086
1.1988,5178
1.19914,5238
1.19947,5471
1.1998,5196
1.20014,5312
